/*
Navicat MySQL Data Transfer

Source Server         : node103-MySQL8
Source Server Version : 80034
Source Host           : node103:3306
Source Database       : ad

Target Server Type    : MYSQL
Target Server Version : 80034
File Encoding         : 65001

Date: 2024-10-09 15:52:14
*/

CREATE DATABASE IF NOT EXISTS jtp_ads ;
USE jtp_ads ;

SET FOREIGN_KEY_CHECKS=0;

-- ----------------------------
-- Table structure for ads
-- ----------------------------
DROP TABLE IF EXISTS `ads`;
CREATE TABLE `ads` (
  `id` bigint NOT NULL,
  `product_id` bigint DEFAULT NULL,
  `material_id` bigint DEFAULT NULL,
  `group_id` bigint DEFAULT NULL,
  `ad_name` varchar(255) CHARACTER SET utf8mb3 COLLATE utf8mb3_general_ci DEFAULT NULL,
  `materail_url` text CHARACTER SET utf8mb3 COLLATE utf8mb3_general_ci,
  PRIMARY KEY (`id`) USING BTREE
) ENGINE=InnoDB DEFAULT CHARSET=utf8mb3 ROW_FORMAT=DYNAMIC;

-- ----------------------------
-- Records of ads
-- ----------------------------
INSERT INTO `ads` VALUES ('0', '329375909941', '712337489641', '8', 'c41f2256', 'http://e0f32383/c41f2256.png');
INSERT INTO `ads` VALUES ('1', '130171159227', '519572879265', '7', 'c41f23e9', 'http://e0f325b0/c41f23e9.png');
INSERT INTO `ads` VALUES ('2', '251005109937', '294923573889', '10', 'c41f2423', 'http://e0f325ee/c41f2423.png');
INSERT INTO `ads` VALUES ('3', '363089600077', '357389126824', '8', 'c41f2451', 'http://e0f32623/c41f2451.png');
INSERT INTO `ads` VALUES ('4', '52056363325', '859496271559', '5', 'c41f2476', 'http://e0f3264d/c41f2476.png');
INSERT INTO `ads` VALUES ('5', '115575013165', '969383475278', '10', 'c41f2499', 'http://e0f3267b/c41f2499.png');
INSERT INTO `ads` VALUES ('6', '228622758645', '326727615678', '7', 'c41f24be', 'http://e0f326a3/c41f24be.png');
INSERT INTO `ads` VALUES ('7', '641780822', '912772469688', '10', 'c41f24e2', 'http://e0f326cb/c41f24e2.png');
INSERT INTO `ads` VALUES ('8', '314192987817', '631568682666', '10', 'c41f2506', 'http://e0f326f6/c41f2506.png');
INSERT INTO `ads` VALUES ('9', '253468947022', '265331751319', '1', 'c41f2529', 'http://e0f3271d/c41f2529.png');
INSERT INTO `ads` VALUES ('10', '251005379293', '818772792783', '1', 'c41f254e', 'http://e0f32745/c41f254e.png');
INSERT INTO `ads` VALUES ('11', '331688069571', '195918596815', '9', 'c41f2570', 'http://e0f3276c/c41f2570.png');
INSERT INTO `ads` VALUES ('12', '229014303779', '292671235258', '6', 'c41f2592', 'http://e0f32793/c41f2592.png');
INSERT INTO `ads` VALUES ('13', '82020370264', '273445757767', '9', 'c41f25b5', 'http://e0f327bb/c41f25b5.png');
INSERT INTO `ads` VALUES ('14', '119104589008', '156491416611', '1', 'c41f25dc', 'http://e0f327e1/c41f25dc.png');
INSERT INTO `ads` VALUES ('15', '203140651797', '545723471589', '2', 'c41f25fd', 'http://e0f32808/c41f25fd.png');
INSERT INTO `ads` VALUES ('16', '172689537794', '313724742796', '8', 'c41f261e', 'http://e0f32833/c41f261e.png');
INSERT INTO `ads` VALUES ('17', '153058772633', '728111939176', '10', 'c41f2640', 'http://e0f32858/c41f2640.png');
INSERT INTO `ads` VALUES ('18', '259177903687', '155137547793', '11', 'c41f2662', 'http://e0f3287c/c41f2662.png');
INSERT INTO `ads` VALUES ('19', '295230753890', '546915658314', '10', 'c41f2684', 'http://e0f328a3/c41f2684.png');
INSERT INTO `ads` VALUES ('20', '57061686338', '421714421213', '7', 'c41f26a6', 'http://e0f328cc/c41f26a6.png');
INSERT INTO `ads` VALUES ('21', '65724024973', '448839691269', '8', 'c41f26c8', 'http://e0f328f0/c41f26c8.png');
INSERT INTO `ads` VALUES ('22', '232800079205', '475313517454', '9', 'c41f26ea', 'http://e0f32914/c41f26ea.png');
INSERT INTO `ads` VALUES ('23', '1552077498', '276488333271', '5', 'c41f270b', 'http://e0f3293c/c41f270b.png');
INSERT INTO `ads` VALUES ('24', '222581635000', '774295321186', '5', 'c41f272d', 'http://e0f32962/c41f272d.png');
INSERT INTO `ads` VALUES ('25', '430363822854', '237268229373', '2', 'c41f274f', 'http://e0f32988/c41f274f.png');
INSERT INTO `ads` VALUES ('26', '296816640514', '636267334733', '9', 'c41f2770', 'http://e0f32ba1/c41f2770.png');
INSERT INTO `ads` VALUES ('27', '379659556684', '476335275835', '8', 'c41f2792', 'http://e0f32bc8/c41f2792.png');
INSERT INTO `ads` VALUES ('28', '210657775700', '317599287358', '6', 'c41f27b3', 'http://e0f32bea/c41f27b3.png');
INSERT INTO `ads` VALUES ('29', '429460017', '146846371661', '0', 'c41f27d6', 'http://e0f32c10/c41f27d6.png');
INSERT INTO `ads` VALUES ('30', '263690488153', '347417517478', '7', 'c41f27f7', 'http://e0f32c34/c41f27f7.png');
INSERT INTO `ads` VALUES ('31', '165465538514', '516645129977', '7', 'c41f281b', 'http://e0f32c57/c41f281b.png');
INSERT INTO `ads` VALUES ('32', '347297476117', '182493244676', '4', 'c41f283c', 'http://e0f32c7c/c41f283c.png');
INSERT INTO `ads` VALUES ('33', '277565683028', '883555672712', '8', 'c41f285d', 'http://e0f32ca1/c41f285d.png');
INSERT INTO `ads` VALUES ('34', '338916900519', '636346657257', '10', 'c41f287f', 'http://e0f32cc4/c41f287f.png');
INSERT INTO `ads` VALUES ('35', '325548425189', '326728655394', '9', 'c41f28a0', 'http://e0f32ce8/c41f28a0.png');
INSERT INTO `ads` VALUES ('36', '133706072', '848767214353', '3', 'c41f28c4', 'http://e0f32d0c/c41f28c4.png');
INSERT INTO `ads` VALUES ('37', '243848758303', '235677311372', '2', 'c41f28e5', 'http://e0f32d2f/c41f28e5.png');
INSERT INTO `ads` VALUES ('38', '335895349414', '388717687236', '6', 'c41f2908', 'http://e0f32d53/c41f2908.png');
INSERT INTO `ads` VALUES ('39', '281401931161', '187588493252', '8', 'c41f2929', 'http://e0f32d77/c41f2929.png');
INSERT INTO `ads` VALUES ('40', '324004964192', '189859538429', '1', 'c41f294a', 'http://e0f32d9b/c41f294a.png');
INSERT INTO `ads` VALUES ('41', '241708263563', '259382894262', '5', 'c41f296c', 'http://e0f32dbf/c41f296c.png');
INSERT INTO `ads` VALUES ('42', '253534110087', '966945542626', '3', 'c41f2990', 'http://e0f32de5/c41f2990.png');
INSERT INTO `ads` VALUES ('43', '317194923259', '114987537565', '1', 'c41f29b1', 'http://e0f32e08/c41f29b1.png');
INSERT INTO `ads` VALUES ('44', '265848108073', '553618319428', '0', 'c41f29d3', 'http://e0f32e2b/c41f29d3.png');
INSERT INTO `ads` VALUES ('45', '347071993995', '342364727424', '2', 'c41f29f4', 'http://e0f32e4e/c41f29f4.png');
INSERT INTO `ads` VALUES ('46', '285543817257', '356471665134', '8', 'c41f2a16', 'http://e0f32e72/c41f2a16.png');
INSERT INTO `ads` VALUES ('47', '6869377317', '817148116346', '10', 'c41f2a38', 'http://e0f32e96/c41f2a38.png');
INSERT INTO `ads` VALUES ('48', '6190439310', '765472437941', '6', 'c41f2a5a', 'http://e0f32ebb/c41f2a5a.png');
INSERT INTO `ads` VALUES ('49', '248605538963', '922673747463', '0', 'c41f2a7b', 'http://e0f32edf/c41f2a7b.png');
INSERT INTO `ads` VALUES ('50', '248781821875', '723641337931', '9', 'c41f2a9c', 'http://e0f32f06/c41f2a9c.png');
INSERT INTO `ads` VALUES ('51', '48534791058', '224367983669', '9', 'c41f2abd', 'http://e0f32f2a/c41f2abd.png');
INSERT INTO `ads` VALUES ('52', '231561237116', '861617424919', '6', 'c41f2ae0', 'http://e0f32f4d/c41f2ae0.png');
INSERT INTO `ads` VALUES ('53', '303311182382', '619754249268', '9', 'c41f2b00', 'http://e0f32f70/c41f2b00.png');
INSERT INTO `ads` VALUES ('54', '323178646207', '519555433529', '9', 'c41f2b22', 'http://e0f330eb/c41f2b22.png');
INSERT INTO `ads` VALUES ('55', '168371693489', '115663673797', '7', 'c41f2b43', 'http://e0f3310f/c41f2b43.png');
INSERT INTO `ads` VALUES ('56', '65419777628', '923663798236', '7', 'c41f2b66', 'http://e0f33132/c41f2b66.png');
INSERT INTO `ads` VALUES ('57', '119112390669', '838886297741', '2', 'c41f2b89', 'http://e0f33156/c41f2b89.png');
INSERT INTO `ads` VALUES ('58', '392141926838', '424582881651', '3', 'c41f2bab', 'http://e0f3317a/c41f2bab.png');
INSERT INTO `ads` VALUES ('59', '308592609870', '888871496366', '11', 'c41f2bcd', 'http://e0f3319e/c41f2bcd.png');
INSERT INTO `ads` VALUES ('60', '8139767277', '799723284481', '3', 'c41f2bee', 'http://e0f331c1/c41f2bee.png');
INSERT INTO `ads` VALUES ('61', '374352357067', '798896531623', '6', 'c41f2c0e', 'http://e0f331e4/c41f2c0e.png');
INSERT INTO `ads` VALUES ('62', '123302722747', '229934716931', '7', 'c41f2c2f', 'http://e0f33206/c41f2c2f.png');
INSERT INTO `ads` VALUES ('63', '339687047238', '672534149397', '4', 'c41f2c52', 'http://e0f3322b/c41f2c52.png');
INSERT INTO `ads` VALUES ('64', '177731813403', '931929576449', '10', 'c41f2c71', 'http://e0f3324f/c41f2c71.png');
INSERT INTO `ads` VALUES ('65', '61380225539', '257176296852', '3', 'c41f2c92', 'http://e0f33272/c41f2c92.png');
INSERT INTO `ads` VALUES ('66', '330692587165', '746951954341', '10', 'c41f2cb3', 'http://e0f33297/c41f2cb3.png');
INSERT INTO `ads` VALUES ('67', '21877880109', '784317771264', '8', 'c41f2cd5', 'http://e0f332ba/c41f2cd5.png');
INSERT INTO `ads` VALUES ('68', '232317848859', '368513171488', '0', 'c41f2cf6', 'http://e0f332de/c41f2cf6.png');
INSERT INTO `ads` VALUES ('69', '120699107714', '155229168697', '9', 'c41f2d19', 'http://e0f33301/c41f2d19.png');
INSERT INTO `ads` VALUES ('70', '298846635695', '344485935511', '4', 'c41f2d40', 'http://e0f33324/c41f2d40.png');
INSERT INTO `ads` VALUES ('71', '81347058059', '324421818611', '2', 'c41f2ecb', 'http://e0f33348/c41f2ecb.png');
INSERT INTO `ads` VALUES ('72', '335157017981', '914272191688', '3', 'c41f2eef', 'http://e0f3336b/c41f2eef.png');
INSERT INTO `ads` VALUES ('73', '422658899741', '559395279979', '0', 'c41f2f10', 'http://e0f33390/c41f2f10.png');
INSERT INTO `ads` VALUES ('74', '305561334804', '237214431526', '7', 'c41f2f33', 'http://e0f333b4/c41f2f33.png');
INSERT INTO `ads` VALUES ('75', '27790781361', '872489879244', '4', 'c41f30a0', 'http://e0f333d9/c41f30a0.png');
INSERT INTO `ads` VALUES ('76', '257552302942', '498887249542', '8', 'c41f30ee', 'http://e0f333ff/c41f30ee.png');
INSERT INTO `ads` VALUES ('77', '199673032085', '191482136371', '4', 'c41f3117', 'http://e0f33422/c41f3117.png');
INSERT INTO `ads` VALUES ('78', '203273252937', '937933958369', '1', 'c41f3139', 'http://e0f33445/c41f3139.png');
INSERT INTO `ads` VALUES ('79', '36284569446', '384693897178', '5', 'c41f315b', 'http://e0f335c0/c41f315b.png');
INSERT INTO `ads` VALUES ('80', '264259437115', '993165329441', '1', 'c41f317f', 'http://e0f335e4/c41f317f.png');
INSERT INTO `ads` VALUES ('81', '426262513532', '881669998299', '0', 'c41f319f', 'http://e0f33605/c41f319f.png');
INSERT INTO `ads` VALUES ('82', '228643207416', '481836979198', '6', 'c41f31c0', 'http://e0f3362a/c41f31c0.png');
INSERT INTO `ads` VALUES ('83', '375322607254', '791972385571', '6', 'c41f31e1', 'http://e0f3364d/c41f31e1.png');
INSERT INTO `ads` VALUES ('84', '119084005768', '475163563246', '10', 'c41f3202', 'http://e0f33671/c41f3202.png');
INSERT INTO `ads` VALUES ('85', '239958088153', '985351467358', '9', 'c41f3223', 'http://e0f33695/c41f3223.png');
INSERT INTO `ads` VALUES ('86', '203817221349', '879681689646', '2', 'c41f3243', 'http://e0f336b8/c41f3243.png');
INSERT INTO `ads` VALUES ('87', '141747039842', '851971568498', '1', 'c41f3267', 'http://e0f336dc/c41f3267.png');
INSERT INTO `ads` VALUES ('88', '235600056009', '175245725841', '3', 'c41f3287', 'http://e0f336fe/c41f3287.png');
INSERT INTO `ads` VALUES ('89', '373259052373', '868634894549', '5', 'c41f32a7', 'http://e0f33721/c41f32a7.png');
INSERT INTO `ads` VALUES ('90', '418988094235', '193319921123', '4', 'c41f32c7', 'http://e0f33744/c41f32c7.png');
INSERT INTO `ads` VALUES ('91', '307939141586', '448197618943', '11', 'c41f32e9', 'http://e0f33767/c41f32e9.png');
INSERT INTO `ads` VALUES ('92', '400891539363', '495181459216', '5', 'c41f3309', 'http://e0f3378a/c41f3309.png');
INSERT INTO `ads` VALUES ('93', '319335619558', '448917344413', '3', 'c41f332a', 'http://e0f337ac/c41f332a.png');
INSERT INTO `ads` VALUES ('94', '22011462722', '466823128676', '7', 'c41f334c', 'http://e0f337cf/c41f334c.png');
INSERT INTO `ads` VALUES ('95', '203291863935', '573943167119', '4', 'c41f336d', 'http://e0f337f2/c41f336d.png');
INSERT INTO `ads` VALUES ('96', '197736861660', '218943637863', '3', 'c41f338f', 'http://e0f33817/c41f338f.png');
INSERT INTO `ads` VALUES ('97', '177521041909', '375685728985', '10', 'c41f33af', 'http://e0f33839/c41f33af.png');
INSERT INTO `ads` VALUES ('98', '127520924226', '453787121739', '11', 'c41f33cf', 'http://e0f3385c/c41f33cf.png');
INSERT INTO `ads` VALUES ('99', '169163107206', '744654135518', '1', 'c41f33f0', 'http://e0f3387e/c41f33f0.png');
INSERT INTO `ads` VALUES ('100', '246083850047', '687788253645', '5', 'c41f3411', 'http://e0f339f7/c41f3411.png');
INSERT INTO `ads` VALUES ('101', '40298732209', '355996176617', '9', 'c41f3431', 'http://e0f33a1a/c41f3431.png');
INSERT INTO `ads` VALUES ('102', '203724082825', '257148513536', '6', 'c41f3453', 'http://e0f33a3c/c41f3453.png');
INSERT INTO `ads` VALUES ('103', '347189344378', '349123426321', '4', 'c41f3473', 'http://e0f33a62/c41f3473.png');
INSERT INTO `ads` VALUES ('104', '266164824149', '429613895631', '0', 'c41f3493', 'http://e0f33a85/c41f3493.png');
INSERT INTO `ads` VALUES ('105', '332900990373', '722882323925', '11', 'c41f34b4', 'http://e0f33aa8/c41f34b4.png');
INSERT INTO `ads` VALUES ('106', '235097254513', '734781151298', '8', 'c41f34d4', 'http://e0f33acb/c41f34d4.png');
INSERT INTO `ads` VALUES ('107', '61974341213', '556489326234', '3', 'c41f34f5', 'http://e0f33aef/c41f34f5.png');
INSERT INTO `ads` VALUES ('108', '221430543764', '657388558139', '0', 'c41f3515', 'http://e0f33b12/c41f3515.png');
INSERT INTO `ads` VALUES ('109', '367783331055', '587648266324', '2', 'c41f3539', 'http://e0f33b35/c41f3539.png');
INSERT INTO `ads` VALUES ('110', '294936205085', '146427542458', '11', 'c41f3559', 'http://e0f33b59/c41f3559.png');
INSERT INTO `ads` VALUES ('111', '97075560767', '568376644131', '6', 'c41f357b', 'http://e0f33b7c/c41f357b.png');
INSERT INTO `ads` VALUES ('112', '325420801130', '963357813767', '6', 'c41f359e', 'http://e0f33ba0/c41f359e.png');
INSERT INTO `ads` VALUES ('113', '50852323844', '718542546915', '7', 'c41f35bf', 'http://e0f33bc3/c41f35bf.png');
INSERT INTO `ads` VALUES ('114', '877301258', '213424852926', '7', 'c41f35df', 'http://e0f33be7/c41f35df.png');
INSERT INTO `ads` VALUES ('115', '357360727504', '911244362216', '8', 'c41f3601', 'http://e0f33c0b/c41f3601.png');
INSERT INTO `ads` VALUES ('116', '327257891461', '954763247234', '10', 'c41f377e', 'http://e0f33c30/c41f377e.png');
INSERT INTO `ads` VALUES ('117', '194760977276', '383379845551', '2', 'c41f37a9', 'http://e0f33c52/c41f37a9.png');
INSERT INTO `ads` VALUES ('118', '384307587090', '325883341136', '10', 'c41f37cb', 'http://e0f33c74/c41f37cb.png');
INSERT INTO `ads` VALUES ('119', '232503599793', '168175592185', '5', 'c41f37f6', 'http://e0f33def/c41f37f6.png');
INSERT INTO `ads` VALUES ('120', '311350608237', '333578197355', '9', 'c41f381a', 'http://e0f33e12/c41f381a.png');
INSERT INTO `ads` VALUES ('121', '221189546686', '672689767255', '0', 'c41f383f', 'http://e0f33e34/c41f383f.png');
INSERT INTO `ads` VALUES ('122', '341004174401', '642668653159', '11', 'c41f3862', 'http://e0f33e59/c41f3862.png');
INSERT INTO `ads` VALUES ('123', '4051723170', '513235474993', '4', 'c41f3885', 'http://e0f33e7e/c41f3885.png');
INSERT INTO `ads` VALUES ('124', '8675119179', '196275291472', '0', 'c41f38a8', 'http://e0f33ea2/c41f38a8.png');
INSERT INTO `ads` VALUES ('125', '258939769555', '219394984266', '6', 'c41f38cb', 'http://e0f33ec6/c41f38cb.png');
INSERT INTO `ads` VALUES ('126', '267748914876', '855612722424', '1', 'c41f38ee', 'http://e0f33ee9/c41f38ee.png');
INSERT INTO `ads` VALUES ('127', '289010176100', '122139757996', '3', 'c41f3912', 'http://e0f33f0c/c41f3912.png');
INSERT INTO `ads` VALUES ('128', '267185780781', '523936662799', '7', 'c41f3934', 'http://e0f33f2e/c41f3934.png');
INSERT INTO `ads` VALUES ('129', '310892618229', '941131792415', '7', 'c41f3958', 'http://e0f33f52/c41f3958.png');
INSERT INTO `ads` VALUES ('130', '284875964819', '595393532743', '6', 'c41f397b', 'http://e0f33f76/c41f397b.png');
INSERT INTO `ads` VALUES ('131', '97386343', '639959251611', '2', 'c41f3b1e', 'http://e0f33f99/c41f3b1e.png');
INSERT INTO `ads` VALUES ('132', '231841278936', '727835352814', '1', 'c41f3b43', 'http://e0f33fbc/c41f3b43.png');
INSERT INTO `ads` VALUES ('133', '361086530601', '688248781852', '7', 'c41f3b6b', 'http://e0f33fe0/c41f3b6b.png');
INSERT INTO `ads` VALUES ('134', '311350994512', '441738333956', '1', 'c41f3b90', 'http://e0f34003/c41f3b90.png');
INSERT INTO `ads` VALUES ('135', '128850039939', '353158367116', '7', 'c41f3bb3', 'http://e0f341db/c41f3bb3.png');
INSERT INTO `ads` VALUES ('136', '8141818774', '467126259284', '7', 'c41f3bd7', 'http://e0f34203/c41f3bd7.png');
INSERT INTO `ads` VALUES ('137', '202203401199', '586684238169', '6', 'c41f3bfc', 'http://e0f34224/c41f3bfc.png');
INSERT INTO `ads` VALUES ('138', '411976901367', '886496156537', '7', 'c41f3c1e', 'http://e0f34248/c41f3c1e.png');
INSERT INTO `ads` VALUES ('139', '27589595203', '373417591976', '6', 'c41f3c41', 'http://e0f3426c/c41f3c41.png');
INSERT INTO `ads` VALUES ('140', '294897228627', '948684238127', '10', 'c41f3c65', 'http://e0f3428f/c41f3c65.png');
INSERT INTO `ads` VALUES ('141', '246109002817', '374535496921', '10', 'c41f3c8a', 'http://e0f342b2/c41f3c8a.png');
INSERT INTO `ads` VALUES ('142', '273296705661', '373858766187', '7', 'c41f3cae', 'http://e0f342d4/c41f3cae.png');
INSERT INTO `ads` VALUES ('143', '8138972212', '422784647869', '8', 'c41f3cd2', 'http://e0f342f7/c41f3cd2.png');
INSERT INTO `ads` VALUES ('144', '325970261411', '384218331435', '11', 'c41f3cf9', 'http://e0f3431a/c41f3cf9.png');
INSERT INTO `ads` VALUES ('145', '302899447829', '589665362695', '5', 'c41f3d1e', 'http://e0f3433e/c41f3d1e.png');
INSERT INTO `ads` VALUES ('146', '196831238126', '756131819344', '11', 'c41f3d42', 'http://e0f34362/c41f3d42.png');
INSERT INTO `ads` VALUES ('147', '164130611722', '122267124787', '11', 'c41f3d66', 'http://e0f34384/c41f3d66.png');
INSERT INTO `ads` VALUES ('148', '164161522826', '225992742679', '7', 'c41f3d8a', 'http://e0f343a8/c41f3d8a.png');
INSERT INTO `ads` VALUES ('149', '268021202883', '667541136668', '1', 'c41f3dad', 'http://e0f344f8/c41f3dad.png');
INSERT INTO `ads` VALUES ('150', '185857522416', '133471385744', '9', 'c41f3dd0', 'http://e0f34547/c41f3dd0.png');
INSERT INTO `ads` VALUES ('151', '228324631287', '536567572812', '11', 'c41f3df5', 'http://e0f3456a/c41f3df5.png');
INSERT INTO `ads` VALUES ('152', '286598026291', '188965139354', '9', 'c41f3e1b', 'http://e0f3458d/c41f3e1b.png');
INSERT INTO `ads` VALUES ('153', '247011514190', '636612125188', '6', 'c41f3e40', 'http://e0f345b2/c41f3e40.png');
INSERT INTO `ads` VALUES ('154', '347663647856', '944234185559', '5', 'c41f3e65', 'http://e0f345d6/c41f3e65.png');
INSERT INTO `ads` VALUES ('155', '346710651822', '742267877252', '10', 'c41f3e8a', 'http://e0f345fa/c41f3e8a.png');
INSERT INTO `ads` VALUES ('156', '396246298238', '819975946729', '5', 'c41f3ead', 'http://e0f34621/c41f3ead.png');
INSERT INTO `ads` VALUES ('157', '420039688988', '384559264547', '1', 'c41f3ed0', 'http://e0f34643/c41f3ed0.png');
INSERT INTO `ads` VALUES ('158', '384325139806', '921424875215', '11', 'c41f3ef3', 'http://e0f34665/c41f3ef3.png');
INSERT INTO `ads` VALUES ('159', '72547758754', '269333722379', '7', 'c41f3f16', 'http://e0f3468a/c41f3f16.png');
INSERT INTO `ads` VALUES ('160', '346349289505', '946298398627', '5', 'c41f3f39', 'http://e0f346ad/c41f3f39.png');
INSERT INTO `ads` VALUES ('161', '409652438197', '169848671982', '5', 'c41f3f5d', 'http://e0f347ff/c41f3f5d.png');
INSERT INTO `ads` VALUES ('162', '167943556276', '924636446339', '1', 'c41f3f80', 'http://e0f34822/c41f3f80.png');
INSERT INTO `ads` VALUES ('163', '427644381120', '451336916621', '7', 'c41f3fa4', 'http://e0f34843/c41f3fa4.png');
INSERT INTO `ads` VALUES ('164', '4504159106', '488437966274', '4', 'c41f3fc8', 'http://e0f34863/c41f3fc8.png');
INSERT INTO `ads` VALUES ('165', '347549273757', '434913679728', '10', 'c41f3fee', 'http://e0f348af/c41f3fee.png');
INSERT INTO `ads` VALUES ('166', '322920200961', '135988519556', '3', 'c41f4010', 'http://e0f348d3/c41f4010.png');
INSERT INTO `ads` VALUES ('167', '202723609022', '292652796355', '4', 'c41f4033', 'http://e0f348f5/c41f4033.png');
INSERT INTO `ads` VALUES ('168', '261891834904', '415435766678', '9', 'c41f4057', 'http://e0f34919/c41f4057.png');
INSERT INTO `ads` VALUES ('169', '390938047544', '596482745943', '3', 'c41f407a', 'http://e0f3493e/c41f407a.png');
INSERT INTO `ads` VALUES ('170', '285226336806', '769559312132', '8', 'c41f409c', 'http://e0f34962/c41f409c.png');
INSERT INTO `ads` VALUES ('171', '355556928216', '491489989774', '11', 'c41f40be', 'http://e0f34986/c41f40be.png');
INSERT INTO `ads` VALUES ('172', '335690979487', '223395852742', '2', 'c41f40e2', 'http://e0f34ad7/c41f40e2.png');
INSERT INTO `ads` VALUES ('173', '180644795246', '758538314675', '5', 'c41f4106', 'http://e0f34af9/c41f4106.png');
INSERT INTO `ads` VALUES ('174', '373249536280', '887919848916', '10', 'c41f4128', 'http://e0f34b19/c41f4128.png');
INSERT INTO `ads` VALUES ('175', '344216762341', '976426248766', '6', 'c41f414c', 'http://e0f34b3b/c41f414c.png');
INSERT INTO `ads` VALUES ('176', '420357606364', '381491965867', '5', 'c41f4170', 'http://e0f34b5c/c41f4170.png');
INSERT INTO `ads` VALUES ('177', '263463954711', '424653138492', '5', 'c41f4193', 'http://e0f34b7d/c41f4193.png');
INSERT INTO `ads` VALUES ('178', '273770062200', '689479871969', '1', 'c41f41b6', 'http://e0f34b9d/c41f41b6.png');
INSERT INTO `ads` VALUES ('179', '232377547550', '732732819949', '3', 'c41f41db', 'http://e0f34bc0/c41f41db.png');
INSERT INTO `ads` VALUES ('180', '26497044222', '364463534652', '2', 'c41f41ff', 'http://e0f34c0b/c41f41ff.png');
INSERT INTO `ads` VALUES ('181', '17455439317', '919518176958', '2', 'c41f4223', 'http://e0f34d59/c41f4223.png');
INSERT INTO `ads` VALUES ('182', '193586993772', '518289591336', '9', 'c41f43b3', 'http://e0f34d7c/c41f43b3.png');
INSERT INTO `ads` VALUES ('183', '186244534635', '849291383798', '6', 'c41f43d5', 'http://e0f34d9c/c41f43d5.png');
INSERT INTO `ads` VALUES ('184', '270507409828', '855922491849', '6', 'c41f43f7', 'http://e0f34dbd/c41f43f7.png');
INSERT INTO `ads` VALUES ('185', '239035789581', '743226789353', '4', 'c41f441b', 'http://e0f34ddf/c41f441b.png');
INSERT INTO `ads` VALUES ('186', '281661799361', '828412174572', '2', 'c41f4440', 'http://e0f34e00/c41f4440.png');
INSERT INTO `ads` VALUES ('187', '331034185331', '474563673182', '2', 'c41f4464', 'http://e0f34e20/c41f4464.png');
INSERT INTO `ads` VALUES ('188', '324938427639', '769941781756', '11', 'c41f4487', 'http://e0f34e41/c41f4487.png');
INSERT INTO `ads` VALUES ('189', '332848028192', '226464827364', '10', 'c41f44ad', 'http://e0f34f58/c41f44ad.png');
INSERT INTO `ads` VALUES ('190', '263407994859', '684197819682', '8', 'c41f44d1', 'http://e0f34f79/c41f44d1.png');
INSERT INTO `ads` VALUES ('191', '372101303049', '928944826299', '4', 'c41f44f3', 'http://e0f34fde/c41f44f3.png');
INSERT INTO `ads` VALUES ('192', '210175869652', '794472584629', '10', 'c41f4516', 'http://e0f35013/c41f4516.png');
INSERT INTO `ads` VALUES ('193', '243156255178', '852677347287', '6', 'c41f453a', 'http://e0f35077/c41f453a.png');
INSERT INTO `ads` VALUES ('194', '410140430606', '871291844483', '7', 'c41f455d', 'http://e0f350af/c41f455d.png');
INSERT INTO `ads` VALUES ('195', '411717799872', '952221686564', '4', 'c41f4580', 'http://e0f350e9/c41f4580.png');
INSERT INTO `ads` VALUES ('196', '123479864313', '865656177968', '0', 'c41f45a5', 'http://e0f3524b/c41f45a5.png');
INSERT INTO `ads` VALUES ('197', '286333551816', '849712423629', '4', 'c41f45c9', 'http://e0f3527c/c41f45c9.png');
INSERT INTO `ads` VALUES ('198', '347150604259', '669356261717', '0', 'c41f45ec', 'http://e0f352ae/c41f45ec.png');
INSERT INTO `ads` VALUES ('199', '332152528942', '687594488634', '5', 'c41f460f', 'http://e0f352dc/c41f460f.png');
INSERT INTO `ads` VALUES ('200', '323802015200', '184378294978', '9', 'c41f4632', 'http://e0f3533b/c41f4632.png');
INSERT INTO `ads` VALUES ('201', '316258964459', '922259326399', '8', 'c41f46db', 'http://e0f35373/c41f46db.png');
INSERT INTO `ads` VALUES ('202', '15043611995', '788164664329', '10', 'c41f46ff', 'http://e0f354d7/c41f46ff.png');
INSERT INTO `ads` VALUES ('203', '425791743503', '332546361146', '8', 'c41f4724', 'http://e0f35508/c41f4724.png');
INSERT INTO `ads` VALUES ('204', '360397649615', '755588761594', '5', 'c41f4747', 'http://e0f35538/c41f4747.png');
INSERT INTO `ads` VALUES ('205', '170198011647', '113124297157', '8', 'c41f476b', 'http://e0f3556f/c41f476b.png');
INSERT INTO `ads` VALUES ('206', '221192209984', '413164931313', '5', 'c41f4791', 'http://e0f3559f/c41f4791.png');
INSERT INTO `ads` VALUES ('207', '346775975252', '954289971951', '7', 'c41f47b6', 'http://e0f356c3/c41f47b6.png');
INSERT INTO `ads` VALUES ('208', '166646878819', '166819332697', '2', 'c41f47da', 'http://e0f35729/c41f47da.png');
INSERT INTO `ads` VALUES ('209', '8518987813', '684177199417', '6', 'c41f47ff', 'http://e0f3575d/c41f47ff.png');
INSERT INTO `ads` VALUES ('210', '337521225943', '774251798476', '7', 'c41f4824', 'http://e0f35792/c41f4824.png');
INSERT INTO `ads` VALUES ('211', '239525783305', '147596628822', '4', 'c41f4847', 'http://e0f357c7/c41f4847.png');
INSERT INTO `ads` VALUES ('212', '286524685631', '832987458181', '2', 'c41f486a', 'http://e0f35922/c41f486a.png');
INSERT INTO `ads` VALUES ('213', '215825229111', '695545421527', '11', 'c41f488d', 'http://e0f35952/c41f488d.png');
INSERT INTO `ads` VALUES ('214', '6655332273', '431874992725', '5', 'c41f48b0', 'http://e0f35983/c41f48b0.png');
INSERT INTO `ads` VALUES ('215', '53917573923', '727737557693', '11', 'c41f48d4', 'http://e0f359de/c41f48d4.png');
INSERT INTO `ads` VALUES ('216', '264646538565', '127517868695', '9', 'c41f48f9', 'http://e0f35b40/c41f48f9.png');
INSERT INTO `ads` VALUES ('217', '424638121807', '484685717564', '10', 'c41f491e', 'http://e0f35b71/c41f491e.png');
INSERT INTO `ads` VALUES ('218', '319578405127', '996258571421', '3', 'c41f4942', 'http://e0f35ba3/c41f4942.png');
INSERT INTO `ads` VALUES ('219', '331723245907', '962762255993', '2', 'c41f4965', 'http://e0f35bd3/c41f4965.png');
INSERT INTO `ads` VALUES ('220', '377382527187', '593344644881', '10', 'c41f4989', 'http://e0f35cf7/c41f4989.png');
INSERT INTO `ads` VALUES ('221', '258579551447', '415428476792', '2', 'c41f49ac', 'http://e0f35d28/c41f49ac.png');
INSERT INTO `ads` VALUES ('222', '360917169868', '382858141124', '6', 'c41f49cf', 'http://e0f35d58/c41f49cf.png');
INSERT INTO `ads` VALUES ('223', '416587573526', '734548926697', '5', 'c41f49f3', 'http://e0f35ee9/c41f49f3.png');
INSERT INTO `ads` VALUES ('224', '72556195722', '338685388441', '2', 'c41f4a18', 'http://e0f35f1c/c41f4a18.png');
INSERT INTO `ads` VALUES ('225', '215536173179', '921825785824', '9', 'c41f4a3d', 'http://e0f35f50/c41f4a3d.png');
INSERT INTO `ads` VALUES ('226', '406416306080', '586231931961', '7', 'c41f4bc6', 'http://e0f3607a/c41f4bc6.png');
INSERT INTO `ads` VALUES ('227', '385604904728', '898151323299', '10', 'c41f4bea', 'http://e0f360ad/c41f4bea.png');
INSERT INTO `ads` VALUES ('228', '242780722948', '528457324569', '4', 'c41f4c0d', 'http://e0f361d4/c41f4c0d.png');
INSERT INTO `ads` VALUES ('229', '253649390777', '589156464168', '11', 'c41f4c35', 'http://e0f36207/c41f4c35.png');
INSERT INTO `ads` VALUES ('230', '259426245461', '149793866136', '4', 'c41f4c59', 'http://e0f3635c/c41f4c59.png');
INSERT INTO `ads` VALUES ('231', '281967155678', '819241812212', '9', 'c41f4c7f', 'http://e0f36393/c41f4c7f.png');
INSERT INTO `ads` VALUES ('232', '354534544215', '957185784696', '0', 'c41f4ca3', 'http://e0f364f6/c41f4ca3.png');

-- ----------------------------
-- Table structure for ads_platform
-- ----------------------------
DROP TABLE IF EXISTS `ads_platform`;
CREATE TABLE `ads_platform` (
  `id` bigint NOT NULL,
  `ad_id` bigint DEFAULT NULL,
  `platform_id` bigint DEFAULT NULL,
  `create_time` datetime DEFAULT NULL,
  `cancel_time` datetime DEFAULT NULL,
  PRIMARY KEY (`id`) USING BTREE
) ENGINE=InnoDB DEFAULT CHARSET=utf8mb3 ROW_FORMAT=DYNAMIC;

-- ----------------------------
-- Records of ads_platform
-- ----------------------------
INSERT INTO `ads_platform` VALUES ('1', '0', '3', '2024-10-01 15:49:58', '2025-09-30 15:49:58');
INSERT INTO `ads_platform` VALUES ('2', '0', '2', '2024-10-01 15:49:58', '2025-09-30 15:49:58');
INSERT INTO `ads_platform` VALUES ('3', '1', '3', '2024-10-01 15:49:58', '2025-09-30 15:49:58');
INSERT INTO `ads_platform` VALUES ('4', '1', '1', '2024-10-01 15:49:58', '2025-09-30 15:49:58');
INSERT INTO `ads_platform` VALUES ('5', '2', '3', '2024-10-01 15:49:58', '2025-09-30 15:49:58');
INSERT INTO `ads_platform` VALUES ('6', '2', '2', '2024-10-01 15:49:58', '2025-09-30 15:49:58');
INSERT INTO `ads_platform` VALUES ('7', '3', '1', '2024-10-01 15:49:58', '2025-09-30 15:49:58');
INSERT INTO `ads_platform` VALUES ('8', '4', '2', '2024-10-01 15:49:58', '2025-09-30 15:49:58');
INSERT INTO `ads_platform` VALUES ('9', '5', '3', '2024-10-01 15:49:58', '2025-09-30 15:49:58');
INSERT INTO `ads_platform` VALUES ('10', '5', '2', '2024-10-01 15:49:58', '2025-09-30 15:49:58');
INSERT INTO `ads_platform` VALUES ('11', '6', '3', '2024-10-01 15:49:58', '2025-09-30 15:49:58');
INSERT INTO `ads_platform` VALUES ('12', '6', '2', '2024-10-01 15:49:58', '2025-09-30 15:49:58');
INSERT INTO `ads_platform` VALUES ('13', '7', '2', '2024-10-01 15:49:58', '2025-09-30 15:49:58');
INSERT INTO `ads_platform` VALUES ('14', '8', '1', '2024-10-01 15:49:58', '2025-09-30 15:49:58');
INSERT INTO `ads_platform` VALUES ('15', '8', '3', '2024-10-01 15:49:58', '2025-09-30 15:49:58');
INSERT INTO `ads_platform` VALUES ('16', '9', '1', '2024-10-01 15:49:58', '2025-09-30 15:49:58');
INSERT INTO `ads_platform` VALUES ('17', '10', '2', '2024-10-01 15:49:58', '2025-09-30 15:49:58');
INSERT INTO `ads_platform` VALUES ('18', '11', '3', '2024-10-01 15:49:58', '2025-09-30 15:49:58');
INSERT INTO `ads_platform` VALUES ('19', '11', '1', '2024-10-01 15:49:58', '2025-09-30 15:49:58');
INSERT INTO `ads_platform` VALUES ('20', '12', '3', '2024-10-01 15:49:58', '2025-09-30 15:49:58');
INSERT INTO `ads_platform` VALUES ('21', '13', '2', '2024-10-01 15:49:58', '2025-09-30 15:49:58');
INSERT INTO `ads_platform` VALUES ('22', '14', '1', '2024-10-01 15:49:58', '2025-09-30 15:49:58');
INSERT INTO `ads_platform` VALUES ('23', '14', '2', '2024-10-01 15:49:58', '2025-09-30 15:49:58');
INSERT INTO `ads_platform` VALUES ('24', '15', '2', '2024-10-01 15:49:58', '2025-09-30 15:49:58');
INSERT INTO `ads_platform` VALUES ('25', '15', '1', '2024-10-01 15:49:58', '2025-09-30 15:49:58');
INSERT INTO `ads_platform` VALUES ('26', '16', '2', '2024-10-01 15:49:58', '2025-09-30 15:49:58');
INSERT INTO `ads_platform` VALUES ('27', '16', '3', '2024-10-01 15:49:58', '2025-09-30 15:49:58');
INSERT INTO `ads_platform` VALUES ('28', '17', '1', '2024-10-01 15:49:58', '2025-09-30 15:49:58');
INSERT INTO `ads_platform` VALUES ('29', '17', '2', '2024-10-01 15:49:58', '2025-09-30 15:49:58');
INSERT INTO `ads_platform` VALUES ('30', '18', '2', '2024-10-01 15:49:58', '2025-09-30 15:49:58');
INSERT INTO `ads_platform` VALUES ('31', '18', '3', '2024-10-01 15:49:58', '2025-09-30 15:49:58');
INSERT INTO `ads_platform` VALUES ('32', '19', '2', '2024-10-01 15:49:58', '2025-09-30 15:49:58');
INSERT INTO `ads_platform` VALUES ('33', '20', '3', '2024-10-01 15:49:58', '2025-09-30 15:49:58');
INSERT INTO `ads_platform` VALUES ('34', '20', '1', '2024-10-01 15:49:58', '2025-09-30 15:49:58');
INSERT INTO `ads_platform` VALUES ('35', '21', '2', '2024-10-01 15:49:58', '2025-09-30 15:49:58');
INSERT INTO `ads_platform` VALUES ('36', '22', '1', '2024-10-01 15:49:58', '2025-09-30 15:49:58');
INSERT INTO `ads_platform` VALUES ('37', '23', '1', '2024-10-01 15:49:58', '2025-09-30 15:49:58');
INSERT INTO `ads_platform` VALUES ('38', '23', '2', '2024-10-01 15:49:58', '2025-09-30 15:49:58');
INSERT INTO `ads_platform` VALUES ('39', '24', '2', '2024-10-01 15:49:58', '2025-09-30 15:49:58');
INSERT INTO `ads_platform` VALUES ('40', '24', '3', '2024-10-01 15:49:58', '2025-09-30 15:49:58');
INSERT INTO `ads_platform` VALUES ('41', '25', '1', '2024-10-01 15:49:58', '2025-09-30 15:49:58');
INSERT INTO `ads_platform` VALUES ('42', '25', '3', '2024-10-01 15:49:58', '2025-09-30 15:49:58');
INSERT INTO `ads_platform` VALUES ('43', '26', '1', '2024-10-01 15:49:58', '2025-09-30 15:49:58');
INSERT INTO `ads_platform` VALUES ('44', '27', '2', '2024-10-01 15:49:58', '2025-09-30 15:49:58');
INSERT INTO `ads_platform` VALUES ('45', '28', '1', '2024-10-01 15:49:58', '2025-09-30 15:49:58');
INSERT INTO `ads_platform` VALUES ('46', '28', '3', '2024-10-01 15:49:58', '2025-09-30 15:49:58');
INSERT INTO `ads_platform` VALUES ('47', '29', '3', '2024-10-01 15:49:58', '2025-09-30 15:49:58');
INSERT INTO `ads_platform` VALUES ('48', '30', '3', '2024-10-01 15:49:58', '2025-09-30 15:49:58');
INSERT INTO `ads_platform` VALUES ('49', '30', '1', '2024-10-01 15:49:58', '2025-09-30 15:49:58');
INSERT INTO `ads_platform` VALUES ('50', '31', '2', '2024-10-01 15:49:58', '2025-09-30 15:49:58');
INSERT INTO `ads_platform` VALUES ('51', '31', '1', '2024-10-01 15:49:58', '2025-09-30 15:49:58');
INSERT INTO `ads_platform` VALUES ('52', '32', '2', '2024-10-01 15:49:58', '2025-09-30 15:49:58');
INSERT INTO `ads_platform` VALUES ('53', '33', '3', '2024-10-01 15:49:58', '2025-09-30 15:49:58');
INSERT INTO `ads_platform` VALUES ('54', '34', '1', '2024-10-01 15:49:58', '2025-09-30 15:49:58');
INSERT INTO `ads_platform` VALUES ('55', '35', '3', '2024-10-01 15:49:58', '2025-09-30 15:49:58');
INSERT INTO `ads_platform` VALUES ('56', '36', '3', '2024-10-01 15:49:58', '2025-09-30 15:49:58');
INSERT INTO `ads_platform` VALUES ('57', '37', '2', '2024-10-01 15:49:58', '2025-09-30 15:49:58');
INSERT INTO `ads_platform` VALUES ('58', '38', '1', '2024-10-01 15:49:58', '2025-09-30 15:49:58');
INSERT INTO `ads_platform` VALUES ('59', '38', '3', '2024-10-01 15:49:58', '2025-09-30 15:49:58');
INSERT INTO `ads_platform` VALUES ('60', '39', '1', '2024-10-01 15:49:58', '2025-09-30 15:49:58');
INSERT INTO `ads_platform` VALUES ('61', '40', '1', '2024-10-01 15:49:58', '2025-09-30 15:49:58');
INSERT INTO `ads_platform` VALUES ('62', '41', '3', '2024-10-01 15:49:58', '2025-09-30 15:49:58');
INSERT INTO `ads_platform` VALUES ('63', '42', '3', '2024-10-01 15:49:58', '2025-09-30 15:49:58');
INSERT INTO `ads_platform` VALUES ('64', '43', '1', '2024-10-01 15:49:58', '2025-09-30 15:49:58');
INSERT INTO `ads_platform` VALUES ('65', '43', '3', '2024-10-01 15:49:58', '2025-09-30 15:49:58');
INSERT INTO `ads_platform` VALUES ('66', '44', '1', '2024-10-01 15:49:58', '2025-09-30 15:49:58');
INSERT INTO `ads_platform` VALUES ('67', '44', '3', '2024-10-01 15:49:58', '2025-09-30 15:49:58');
INSERT INTO `ads_platform` VALUES ('68', '45', '2', '2024-10-01 15:49:58', '2025-09-30 15:49:58');
INSERT INTO `ads_platform` VALUES ('69', '46', '3', '2024-10-01 15:49:58', '2025-09-30 15:49:58');
INSERT INTO `ads_platform` VALUES ('70', '46', '2', '2024-10-01 15:49:58', '2025-09-30 15:49:58');
INSERT INTO `ads_platform` VALUES ('71', '47', '3', '2024-10-01 15:49:58', '2025-09-30 15:49:58');
INSERT INTO `ads_platform` VALUES ('72', '47', '1', '2024-10-01 15:49:58', '2025-09-30 15:49:58');
INSERT INTO `ads_platform` VALUES ('73', '48', '1', '2024-10-01 15:49:58', '2025-09-30 15:49:58');
INSERT INTO `ads_platform` VALUES ('74', '48', '3', '2024-10-01 15:49:58', '2025-09-30 15:49:58');
INSERT INTO `ads_platform` VALUES ('75', '49', '3', '2024-10-01 15:49:58', '2025-09-30 15:49:58');
INSERT INTO `ads_platform` VALUES ('76', '49', '2', '2024-10-01 15:49:58', '2025-09-30 15:49:58');
INSERT INTO `ads_platform` VALUES ('77', '50', '1', '2024-10-01 15:49:58', '2025-09-30 15:49:58');
INSERT INTO `ads_platform` VALUES ('78', '50', '3', '2024-10-01 15:49:58', '2025-09-30 15:49:58');
INSERT INTO `ads_platform` VALUES ('79', '51', '2', '2024-10-01 15:49:58', '2025-09-30 15:49:58');
INSERT INTO `ads_platform` VALUES ('80', '51', '1', '2024-10-01 15:49:58', '2025-09-30 15:49:58');
INSERT INTO `ads_platform` VALUES ('81', '52', '3', '2024-10-01 15:49:58', '2025-09-30 15:49:58');
INSERT INTO `ads_platform` VALUES ('82', '52', '1', '2024-10-01 15:49:58', '2025-09-30 15:49:58');
INSERT INTO `ads_platform` VALUES ('83', '53', '1', '2024-10-01 15:49:58', '2025-09-30 15:49:58');
INSERT INTO `ads_platform` VALUES ('84', '53', '2', '2024-10-01 15:49:58', '2025-09-30 15:49:58');
INSERT INTO `ads_platform` VALUES ('85', '54', '3', '2024-10-01 15:49:58', '2025-09-30 15:49:58');
INSERT INTO `ads_platform` VALUES ('86', '54', '2', '2024-10-01 15:49:58', '2025-09-30 15:49:58');
INSERT INTO `ads_platform` VALUES ('87', '55', '1', '2024-10-01 15:49:58', '2025-09-30 15:49:58');
INSERT INTO `ads_platform` VALUES ('88', '56', '2', '2024-10-01 15:49:58', '2025-09-30 15:49:58');
INSERT INTO `ads_platform` VALUES ('89', '56', '3', '2024-10-01 15:49:58', '2025-09-30 15:49:58');
INSERT INTO `ads_platform` VALUES ('90', '57', '2', '2024-10-01 15:49:58', '2025-09-30 15:49:58');
INSERT INTO `ads_platform` VALUES ('91', '57', '1', '2024-10-01 15:49:58', '2025-09-30 15:49:58');
INSERT INTO `ads_platform` VALUES ('92', '58', '1', '2024-10-01 15:49:58', '2025-09-30 15:49:58');
INSERT INTO `ads_platform` VALUES ('93', '59', '2', '2024-10-01 15:49:58', '2025-09-30 15:49:58');
INSERT INTO `ads_platform` VALUES ('94', '59', '1', '2024-10-01 15:49:58', '2025-09-30 15:49:58');
INSERT INTO `ads_platform` VALUES ('95', '60', '2', '2024-10-01 15:49:58', '2025-09-30 15:49:58');
INSERT INTO `ads_platform` VALUES ('96', '60', '1', '2024-10-01 15:49:58', '2025-09-30 15:49:58');
INSERT INTO `ads_platform` VALUES ('97', '61', '2', '2024-10-01 15:49:58', '2025-09-30 15:49:58');
INSERT INTO `ads_platform` VALUES ('98', '61', '3', '2024-10-01 15:49:58', '2025-09-30 15:49:58');
INSERT INTO `ads_platform` VALUES ('99', '62', '2', '2024-10-01 15:49:58', '2025-09-30 15:49:58');
INSERT INTO `ads_platform` VALUES ('100', '63', '3', '2024-10-01 15:49:58', '2025-09-30 15:49:58');
INSERT INTO `ads_platform` VALUES ('101', '63', '2', '2024-10-01 15:49:58', '2025-09-30 15:49:58');
INSERT INTO `ads_platform` VALUES ('102', '64', '1', '2024-10-01 15:49:58', '2025-09-30 15:49:58');
INSERT INTO `ads_platform` VALUES ('103', '65', '1', '2024-10-01 15:49:58', '2025-09-30 15:49:58');
INSERT INTO `ads_platform` VALUES ('104', '66', '2', '2024-10-01 15:49:58', '2025-09-30 15:49:58');
INSERT INTO `ads_platform` VALUES ('105', '66', '3', '2024-10-01 15:49:58', '2025-09-30 15:49:58');
INSERT INTO `ads_platform` VALUES ('106', '67', '3', '2024-10-01 15:49:58', '2025-09-30 15:49:58');
INSERT INTO `ads_platform` VALUES ('107', '67', '1', '2024-10-01 15:49:58', '2025-09-30 15:49:58');
INSERT INTO `ads_platform` VALUES ('108', '68', '1', '2024-10-01 15:49:58', '2025-09-30 15:49:58');
INSERT INTO `ads_platform` VALUES ('109', '69', '3', '2024-10-01 15:49:58', '2025-09-30 15:49:58');
INSERT INTO `ads_platform` VALUES ('110', '70', '3', '2024-10-01 15:49:58', '2025-09-30 15:49:58');
INSERT INTO `ads_platform` VALUES ('111', '71', '2', '2024-10-01 15:49:58', '2025-09-30 15:49:58');
INSERT INTO `ads_platform` VALUES ('112', '71', '3', '2024-10-01 15:49:58', '2025-09-30 15:49:58');
INSERT INTO `ads_platform` VALUES ('113', '72', '1', '2024-10-01 15:49:58', '2025-09-30 15:49:58');
INSERT INTO `ads_platform` VALUES ('114', '72', '2', '2024-10-01 15:49:58', '2025-09-30 15:49:58');
INSERT INTO `ads_platform` VALUES ('115', '73', '2', '2024-10-01 15:49:58', '2025-09-30 15:49:58');
INSERT INTO `ads_platform` VALUES ('116', '73', '1', '2024-10-01 15:49:58', '2025-09-30 15:49:58');
INSERT INTO `ads_platform` VALUES ('117', '74', '1', '2024-10-01 15:49:58', '2025-09-30 15:49:58');
INSERT INTO `ads_platform` VALUES ('118', '75', '2', '2024-10-01 15:49:58', '2025-09-30 15:49:58');
INSERT INTO `ads_platform` VALUES ('119', '76', '3', '2024-10-01 15:49:58', '2025-09-30 15:49:58');
INSERT INTO `ads_platform` VALUES ('120', '76', '2', '2024-10-01 15:49:58', '2025-09-30 15:49:58');
INSERT INTO `ads_platform` VALUES ('121', '77', '2', '2024-10-01 15:49:58', '2025-09-30 15:49:58');
INSERT INTO `ads_platform` VALUES ('122', '77', '3', '2024-10-01 15:49:58', '2025-09-30 15:49:58');
INSERT INTO `ads_platform` VALUES ('123', '78', '3', '2024-10-01 15:49:58', '2025-09-30 15:49:58');
INSERT INTO `ads_platform` VALUES ('124', '79', '3', '2024-10-01 15:49:58', '2025-09-30 15:49:58');
INSERT INTO `ads_platform` VALUES ('125', '80', '1', '2024-10-01 15:49:58', '2025-09-30 15:49:58');
INSERT INTO `ads_platform` VALUES ('126', '80', '2', '2024-10-01 15:49:58', '2025-09-30 15:49:58');
INSERT INTO `ads_platform` VALUES ('127', '81', '2', '2024-10-01 15:49:58', '2025-09-30 15:49:58');
INSERT INTO `ads_platform` VALUES ('128', '82', '2', '2024-10-01 15:49:58', '2025-09-30 15:49:58');
INSERT INTO `ads_platform` VALUES ('129', '83', '3', '2024-10-01 15:49:58', '2025-09-30 15:49:58');
INSERT INTO `ads_platform` VALUES ('130', '84', '1', '2024-10-01 15:49:58', '2025-09-30 15:49:58');
INSERT INTO `ads_platform` VALUES ('131', '84', '3', '2024-10-01 15:49:58', '2025-09-30 15:49:58');
INSERT INTO `ads_platform` VALUES ('132', '85', '1', '2024-10-01 15:49:58', '2025-09-30 15:49:58');
INSERT INTO `ads_platform` VALUES ('133', '86', '3', '2024-10-01 15:49:58', '2025-09-30 15:49:58');
INSERT INTO `ads_platform` VALUES ('134', '87', '3', '2024-10-01 15:49:58', '2025-09-30 15:49:58');
INSERT INTO `ads_platform` VALUES ('135', '87', '1', '2024-10-01 15:49:58', '2025-09-30 15:49:58');
INSERT INTO `ads_platform` VALUES ('136', '88', '3', '2024-10-01 15:49:58', '2025-09-30 15:49:58');
INSERT INTO `ads_platform` VALUES ('137', '89', '1', '2024-10-01 15:49:58', '2025-09-30 15:49:58');
INSERT INTO `ads_platform` VALUES ('138', '89', '2', '2024-10-01 15:49:58', '2025-09-30 15:49:58');
INSERT INTO `ads_platform` VALUES ('139', '90', '3', '2024-10-01 15:49:58', '2025-09-30 15:49:58');
INSERT INTO `ads_platform` VALUES ('140', '91', '3', '2024-10-01 15:49:58', '2025-09-30 15:49:58');
INSERT INTO `ads_platform` VALUES ('141', '92', '3', '2024-10-01 15:49:58', '2025-09-30 15:49:58');
INSERT INTO `ads_platform` VALUES ('142', '93', '1', '2024-10-01 15:49:58', '2025-09-30 15:49:58');
INSERT INTO `ads_platform` VALUES ('143', '94', '2', '2024-10-01 15:49:58', '2025-09-30 15:49:58');
INSERT INTO `ads_platform` VALUES ('144', '95', '3', '2024-10-01 15:49:58', '2025-09-30 15:49:58');
INSERT INTO `ads_platform` VALUES ('145', '95', '2', '2024-10-01 15:49:58', '2025-09-30 15:49:58');
INSERT INTO `ads_platform` VALUES ('146', '96', '3', '2024-10-01 15:49:58', '2025-09-30 15:49:58');
INSERT INTO `ads_platform` VALUES ('147', '96', '2', '2024-10-01 15:49:58', '2025-09-30 15:49:58');
INSERT INTO `ads_platform` VALUES ('148', '97', '1', '2024-10-01 15:49:58', '2025-09-30 15:49:58');
INSERT INTO `ads_platform` VALUES ('149', '98', '3', '2024-10-01 15:49:58', '2025-09-30 15:49:58');
INSERT INTO `ads_platform` VALUES ('150', '98', '2', '2024-10-01 15:49:58', '2025-09-30 15:49:58');
INSERT INTO `ads_platform` VALUES ('151', '99', '2', '2024-10-01 15:49:58', '2025-09-30 15:49:58');
INSERT INTO `ads_platform` VALUES ('152', '99', '1', '2024-10-01 15:49:58', '2025-09-30 15:49:58');
INSERT INTO `ads_platform` VALUES ('153', '100', '3', '2024-10-01 15:49:58', '2025-09-30 15:49:58');
INSERT INTO `ads_platform` VALUES ('154', '100', '1', '2024-10-01 15:49:58', '2025-09-30 15:49:58');
INSERT INTO `ads_platform` VALUES ('155', '101', '3', '2024-10-01 15:49:58', '2025-09-30 15:49:58');
INSERT INTO `ads_platform` VALUES ('156', '101', '2', '2024-10-01 15:49:58', '2025-09-30 15:49:58');
INSERT INTO `ads_platform` VALUES ('157', '102', '2', '2024-10-01 15:49:58', '2025-09-30 15:49:58');
INSERT INTO `ads_platform` VALUES ('158', '103', '2', '2024-10-01 15:49:58', '2025-09-30 15:49:58');
INSERT INTO `ads_platform` VALUES ('159', '103', '3', '2024-10-01 15:49:58', '2025-09-30 15:49:58');
INSERT INTO `ads_platform` VALUES ('160', '104', '1', '2024-10-01 15:49:58', '2025-09-30 15:49:58');
INSERT INTO `ads_platform` VALUES ('161', '105', '1', '2024-10-01 15:49:58', '2025-09-30 15:49:58');
INSERT INTO `ads_platform` VALUES ('162', '106', '1', '2024-10-01 15:49:58', '2025-09-30 15:49:58');
INSERT INTO `ads_platform` VALUES ('163', '106', '2', '2024-10-01 15:49:58', '2025-09-30 15:49:58');
INSERT INTO `ads_platform` VALUES ('164', '107', '3', '2024-10-01 15:49:58', '2025-09-30 15:49:58');
INSERT INTO `ads_platform` VALUES ('165', '108', '1', '2024-10-01 15:49:58', '2025-09-30 15:49:58');
INSERT INTO `ads_platform` VALUES ('166', '109', '1', '2024-10-01 15:49:58', '2025-09-30 15:49:58');
INSERT INTO `ads_platform` VALUES ('167', '109', '3', '2024-10-01 15:49:58', '2025-09-30 15:49:58');
INSERT INTO `ads_platform` VALUES ('168', '110', '1', '2024-10-01 15:49:58', '2025-09-30 15:49:58');
INSERT INTO `ads_platform` VALUES ('169', '111', '1', '2024-10-01 15:49:58', '2025-09-30 15:49:58');
INSERT INTO `ads_platform` VALUES ('170', '112', '3', '2024-10-01 15:49:58', '2025-09-30 15:49:58');
INSERT INTO `ads_platform` VALUES ('171', '113', '3', '2024-10-01 15:49:58', '2025-09-30 15:49:58');
INSERT INTO `ads_platform` VALUES ('172', '114', '1', '2024-10-01 15:49:58', '2025-09-30 15:49:58');
INSERT INTO `ads_platform` VALUES ('173', '115', '1', '2024-10-01 15:49:58', '2025-09-30 15:49:58');
INSERT INTO `ads_platform` VALUES ('174', '116', '2', '2024-10-01 15:49:58', '2025-09-30 15:49:58');
INSERT INTO `ads_platform` VALUES ('175', '117', '1', '2024-10-01 15:49:58', '2025-09-30 15:49:58');
INSERT INTO `ads_platform` VALUES ('176', '118', '2', '2024-10-01 15:49:58', '2025-09-30 15:49:58');
INSERT INTO `ads_platform` VALUES ('177', '118', '3', '2024-10-01 15:49:58', '2025-09-30 15:49:58');
INSERT INTO `ads_platform` VALUES ('178', '119', '3', '2024-10-01 15:49:58', '2025-09-30 15:49:58');
INSERT INTO `ads_platform` VALUES ('179', '120', '1', '2024-10-01 15:49:58', '2025-09-30 15:49:58');
INSERT INTO `ads_platform` VALUES ('180', '120', '3', '2024-10-01 15:49:58', '2025-09-30 15:49:58');
INSERT INTO `ads_platform` VALUES ('181', '121', '2', '2024-10-01 15:49:58', '2025-09-30 15:49:58');
INSERT INTO `ads_platform` VALUES ('182', '121', '3', '2024-10-01 15:49:58', '2025-09-30 15:49:58');
INSERT INTO `ads_platform` VALUES ('183', '122', '2', '2024-10-01 15:49:58', '2025-09-30 15:49:58');
INSERT INTO `ads_platform` VALUES ('184', '123', '3', '2024-10-01 15:49:58', '2025-09-30 15:49:58');
INSERT INTO `ads_platform` VALUES ('185', '123', '2', '2024-10-01 15:49:58', '2025-09-30 15:49:58');
INSERT INTO `ads_platform` VALUES ('186', '124', '3', '2024-10-01 15:49:58', '2025-09-30 15:49:58');
INSERT INTO `ads_platform` VALUES ('187', '124', '1', '2024-10-01 15:49:58', '2025-09-30 15:49:58');
INSERT INTO `ads_platform` VALUES ('188', '125', '1', '2024-10-01 15:49:58', '2025-09-30 15:49:58');
INSERT INTO `ads_platform` VALUES ('189', '126', '3', '2024-10-01 15:49:58', '2025-09-30 15:49:58');
INSERT INTO `ads_platform` VALUES ('190', '126', '2', '2024-10-01 15:49:58', '2025-09-30 15:49:58');
INSERT INTO `ads_platform` VALUES ('191', '127', '3', '2024-10-01 15:49:58', '2025-09-30 15:49:58');
INSERT INTO `ads_platform` VALUES ('192', '127', '2', '2024-10-01 15:49:58', '2025-09-30 15:49:58');
INSERT INTO `ads_platform` VALUES ('193', '128', '2', '2024-10-01 15:49:58', '2025-09-30 15:49:58');
INSERT INTO `ads_platform` VALUES ('194', '129', '1', '2024-10-01 15:49:58', '2025-09-30 15:49:58');
INSERT INTO `ads_platform` VALUES ('195', '129', '2', '2024-10-01 15:49:58', '2025-09-30 15:49:58');
INSERT INTO `ads_platform` VALUES ('196', '130', '1', '2024-10-01 15:49:58', '2025-09-30 15:49:58');
INSERT INTO `ads_platform` VALUES ('197', '131', '3', '2024-10-01 15:49:58', '2025-09-30 15:49:58');
INSERT INTO `ads_platform` VALUES ('198', '132', '1', '2024-10-01 15:49:58', '2025-09-30 15:49:58');
INSERT INTO `ads_platform` VALUES ('199', '133', '2', '2024-10-01 15:49:58', '2025-09-30 15:49:58');
INSERT INTO `ads_platform` VALUES ('200', '134', '2', '2024-10-01 15:49:58', '2025-09-30 15:49:58');
INSERT INTO `ads_platform` VALUES ('201', '135', '2', '2024-10-01 15:49:58', '2025-09-30 15:49:58');
INSERT INTO `ads_platform` VALUES ('202', '135', '1', '2024-10-01 15:49:58', '2025-09-30 15:49:58');
INSERT INTO `ads_platform` VALUES ('203', '136', '1', '2024-10-01 15:49:58', '2025-09-30 15:49:58');
INSERT INTO `ads_platform` VALUES ('204', '136', '3', '2024-10-01 15:49:58', '2025-09-30 15:49:58');
INSERT INTO `ads_platform` VALUES ('205', '137', '3', '2024-10-01 15:49:58', '2025-09-30 15:49:58');
INSERT INTO `ads_platform` VALUES ('206', '138', '1', '2024-10-01 15:49:58', '2025-09-30 15:49:58');
INSERT INTO `ads_platform` VALUES ('207', '138', '2', '2024-10-01 15:49:58', '2025-09-30 15:49:58');
INSERT INTO `ads_platform` VALUES ('208', '139', '2', '2024-10-01 15:49:58', '2025-09-30 15:49:58');
INSERT INTO `ads_platform` VALUES ('209', '140', '1', '2024-10-01 15:49:58', '2025-09-30 15:49:58');
INSERT INTO `ads_platform` VALUES ('210', '140', '2', '2024-10-01 15:49:58', '2025-09-30 15:49:58');
INSERT INTO `ads_platform` VALUES ('211', '141', '2', '2024-10-01 15:49:58', '2025-09-30 15:49:58');
INSERT INTO `ads_platform` VALUES ('212', '142', '1', '2024-10-01 15:49:58', '2025-09-30 15:49:58');
INSERT INTO `ads_platform` VALUES ('213', '142', '3', '2024-10-01 15:49:58', '2025-09-30 15:49:58');
INSERT INTO `ads_platform` VALUES ('214', '143', '1', '2024-10-01 15:49:58', '2025-09-30 15:49:58');
INSERT INTO `ads_platform` VALUES ('215', '144', '1', '2024-10-01 15:49:58', '2025-09-30 15:49:58');
INSERT INTO `ads_platform` VALUES ('216', '145', '2', '2024-10-01 15:49:58', '2025-09-30 15:49:58');
INSERT INTO `ads_platform` VALUES ('217', '145', '1', '2024-10-01 15:49:58', '2025-09-30 15:49:58');
INSERT INTO `ads_platform` VALUES ('218', '146', '3', '2024-10-01 15:49:58', '2025-09-30 15:49:58');
INSERT INTO `ads_platform` VALUES ('219', '146', '1', '2024-10-01 15:49:58', '2025-09-30 15:49:58');
INSERT INTO `ads_platform` VALUES ('220', '147', '2', '2024-10-01 15:49:58', '2025-09-30 15:49:58');
INSERT INTO `ads_platform` VALUES ('221', '147', '1', '2024-10-01 15:49:58', '2025-09-30 15:49:58');
INSERT INTO `ads_platform` VALUES ('222', '148', '2', '2024-10-01 15:49:58', '2025-09-30 15:49:58');
INSERT INTO `ads_platform` VALUES ('223', '149', '3', '2024-10-01 15:49:58', '2025-09-30 15:49:58');
INSERT INTO `ads_platform` VALUES ('224', '150', '1', '2024-10-01 15:49:58', '2025-09-30 15:49:58');
INSERT INTO `ads_platform` VALUES ('225', '151', '3', '2024-10-01 15:49:58', '2025-09-30 15:49:58');
INSERT INTO `ads_platform` VALUES ('226', '152', '3', '2024-10-01 15:49:58', '2025-09-30 15:49:58');
INSERT INTO `ads_platform` VALUES ('227', '152', '2', '2024-10-01 15:49:58', '2025-09-30 15:49:58');
INSERT INTO `ads_platform` VALUES ('228', '153', '2', '2024-10-01 15:49:58', '2025-09-30 15:49:58');
INSERT INTO `ads_platform` VALUES ('229', '154', '2', '2024-10-01 15:49:58', '2025-09-30 15:49:58');
INSERT INTO `ads_platform` VALUES ('230', '154', '3', '2024-10-01 15:49:58', '2025-09-30 15:49:58');
INSERT INTO `ads_platform` VALUES ('231', '155', '3', '2024-10-01 15:49:58', '2025-09-30 15:49:58');
INSERT INTO `ads_platform` VALUES ('232', '155', '2', '2024-10-01 15:49:58', '2025-09-30 15:49:58');
INSERT INTO `ads_platform` VALUES ('233', '156', '2', '2024-10-01 15:49:58', '2025-09-30 15:49:58');
INSERT INTO `ads_platform` VALUES ('234', '156', '3', '2024-10-01 15:49:58', '2025-09-30 15:49:58');
INSERT INTO `ads_platform` VALUES ('235', '157', '2', '2024-10-01 15:49:58', '2025-09-30 15:49:58');
INSERT INTO `ads_platform` VALUES ('236', '157', '1', '2024-10-01 15:49:58', '2025-09-30 15:49:58');
INSERT INTO `ads_platform` VALUES ('237', '158', '2', '2024-10-01 15:49:58', '2025-09-30 15:49:58');
INSERT INTO `ads_platform` VALUES ('238', '158', '3', '2024-10-01 15:49:58', '2025-09-30 15:49:58');
INSERT INTO `ads_platform` VALUES ('239', '159', '2', '2024-10-01 15:49:58', '2025-09-30 15:49:58');
INSERT INTO `ads_platform` VALUES ('240', '159', '3', '2024-10-01 15:49:58', '2025-09-30 15:49:58');
INSERT INTO `ads_platform` VALUES ('241', '160', '3', '2024-10-01 15:49:58', '2025-09-30 15:49:58');
INSERT INTO `ads_platform` VALUES ('242', '161', '1', '2024-10-01 15:49:58', '2025-09-30 15:49:58');
INSERT INTO `ads_platform` VALUES ('243', '161', '2', '2024-10-01 15:49:58', '2025-09-30 15:49:58');
INSERT INTO `ads_platform` VALUES ('244', '162', '3', '2024-10-01 15:49:58', '2025-09-30 15:49:58');
INSERT INTO `ads_platform` VALUES ('245', '162', '1', '2024-10-01 15:49:58', '2025-09-30 15:49:58');
INSERT INTO `ads_platform` VALUES ('246', '163', '1', '2024-10-01 15:49:58', '2025-09-30 15:49:58');
INSERT INTO `ads_platform` VALUES ('247', '164', '1', '2024-10-01 15:49:58', '2025-09-30 15:49:58');
INSERT INTO `ads_platform` VALUES ('248', '165', '2', '2024-10-01 15:49:58', '2025-09-30 15:49:58');
INSERT INTO `ads_platform` VALUES ('249', '165', '3', '2024-10-01 15:49:58', '2025-09-30 15:49:58');
INSERT INTO `ads_platform` VALUES ('250', '166', '3', '2024-10-01 15:49:58', '2025-09-30 15:49:58');
INSERT INTO `ads_platform` VALUES ('251', '166', '2', '2024-10-01 15:49:58', '2025-09-30 15:49:58');
INSERT INTO `ads_platform` VALUES ('252', '167', '2', '2024-10-01 15:49:58', '2025-09-30 15:49:58');
INSERT INTO `ads_platform` VALUES ('253', '168', '3', '2024-10-01 15:49:58', '2025-09-30 15:49:58');
INSERT INTO `ads_platform` VALUES ('254', '169', '1', '2024-10-01 15:49:58', '2025-09-30 15:49:58');
INSERT INTO `ads_platform` VALUES ('255', '170', '1', '2024-10-01 15:49:58', '2025-09-30 15:49:58');
INSERT INTO `ads_platform` VALUES ('256', '171', '2', '2024-10-01 15:49:58', '2025-09-30 15:49:58');
INSERT INTO `ads_platform` VALUES ('257', '171', '3', '2024-10-01 15:49:58', '2025-09-30 15:49:58');
INSERT INTO `ads_platform` VALUES ('258', '172', '1', '2024-10-01 15:49:58', '2025-09-30 15:49:58');
INSERT INTO `ads_platform` VALUES ('259', '173', '1', '2024-10-01 15:49:58', '2025-09-30 15:49:58');
INSERT INTO `ads_platform` VALUES ('260', '173', '3', '2024-10-01 15:49:58', '2025-09-30 15:49:58');
INSERT INTO `ads_platform` VALUES ('261', '174', '1', '2024-10-01 15:49:58', '2025-09-30 15:49:58');
INSERT INTO `ads_platform` VALUES ('262', '174', '2', '2024-10-01 15:49:58', '2025-09-30 15:49:58');
INSERT INTO `ads_platform` VALUES ('263', '175', '1', '2024-10-01 15:49:58', '2025-09-30 15:49:58');
INSERT INTO `ads_platform` VALUES ('264', '176', '2', '2024-10-01 15:49:58', '2025-09-30 15:49:58');
INSERT INTO `ads_platform` VALUES ('265', '177', '2', '2024-10-01 15:49:58', '2025-09-30 15:49:58');
INSERT INTO `ads_platform` VALUES ('266', '177', '3', '2024-10-01 15:49:58', '2025-09-30 15:49:58');
INSERT INTO `ads_platform` VALUES ('267', '178', '2', '2024-10-01 15:49:58', '2025-09-30 15:49:58');
INSERT INTO `ads_platform` VALUES ('268', '178', '3', '2024-10-01 15:49:58', '2025-09-30 15:49:58');
INSERT INTO `ads_platform` VALUES ('269', '179', '1', '2024-10-01 15:49:58', '2025-09-30 15:49:58');
INSERT INTO `ads_platform` VALUES ('270', '180', '3', '2024-10-01 15:49:58', '2025-09-30 15:49:58');
INSERT INTO `ads_platform` VALUES ('271', '181', '2', '2024-10-01 15:49:58', '2025-09-30 15:49:58');
INSERT INTO `ads_platform` VALUES ('272', '182', '3', '2024-10-01 15:49:58', '2025-09-30 15:49:58');
INSERT INTO `ads_platform` VALUES ('273', '182', '1', '2024-10-01 15:49:58', '2025-09-30 15:49:58');
INSERT INTO `ads_platform` VALUES ('274', '183', '3', '2024-10-01 15:49:58', '2025-09-30 15:49:58');
INSERT INTO `ads_platform` VALUES ('275', '184', '2', '2024-10-01 15:49:58', '2025-09-30 15:49:58');
INSERT INTO `ads_platform` VALUES ('276', '184', '3', '2024-10-01 15:49:58', '2025-09-30 15:49:58');
INSERT INTO `ads_platform` VALUES ('277', '185', '3', '2024-10-01 15:49:58', '2025-09-30 15:49:58');
INSERT INTO `ads_platform` VALUES ('278', '186', '2', '2024-10-01 15:49:58', '2025-09-30 15:49:58');
INSERT INTO `ads_platform` VALUES ('279', '187', '3', '2024-10-01 15:49:58', '2025-09-30 15:49:58');
INSERT INTO `ads_platform` VALUES ('280', '188', '1', '2024-10-01 15:49:58', '2025-09-30 15:49:58');
INSERT INTO `ads_platform` VALUES ('281', '188', '3', '2024-10-01 15:49:58', '2025-09-30 15:49:58');
INSERT INTO `ads_platform` VALUES ('282', '189', '3', '2024-10-01 15:49:58', '2025-09-30 15:49:58');
INSERT INTO `ads_platform` VALUES ('283', '189', '2', '2024-10-01 15:49:58', '2025-09-30 15:49:58');
INSERT INTO `ads_platform` VALUES ('284', '190', '1', '2024-10-01 15:49:58', '2025-09-30 15:49:58');
INSERT INTO `ads_platform` VALUES ('285', '191', '1', '2024-10-01 15:49:58', '2025-09-30 15:49:58');
INSERT INTO `ads_platform` VALUES ('286', '192', '3', '2024-10-01 15:49:58', '2025-09-30 15:49:58');
INSERT INTO `ads_platform` VALUES ('287', '193', '2', '2024-10-01 15:49:58', '2025-09-30 15:49:58');
INSERT INTO `ads_platform` VALUES ('288', '194', '1', '2024-10-01 15:49:58', '2025-09-30 15:49:58');
INSERT INTO `ads_platform` VALUES ('289', '194', '3', '2024-10-01 15:49:58', '2025-09-30 15:49:58');
INSERT INTO `ads_platform` VALUES ('290', '195', '1', '2024-10-01 15:49:58', '2025-09-30 15:49:58');
INSERT INTO `ads_platform` VALUES ('291', '196', '3', '2024-10-01 15:49:58', '2025-09-30 15:49:58');
INSERT INTO `ads_platform` VALUES ('292', '197', '3', '2024-10-01 15:49:58', '2025-09-30 15:49:58');
INSERT INTO `ads_platform` VALUES ('293', '197', '1', '2024-10-01 15:49:58', '2025-09-30 15:49:58');
INSERT INTO `ads_platform` VALUES ('294', '198', '2', '2024-10-01 15:49:58', '2025-09-30 15:49:58');
INSERT INTO `ads_platform` VALUES ('295', '198', '1', '2024-10-01 15:49:58', '2025-09-30 15:49:58');
INSERT INTO `ads_platform` VALUES ('296', '199', '3', '2024-10-01 15:49:58', '2025-09-30 15:49:58');
INSERT INTO `ads_platform` VALUES ('297', '200', '1', '2024-10-01 15:49:58', '2025-09-30 15:49:58');
INSERT INTO `ads_platform` VALUES ('298', '201', '1', '2024-10-01 15:49:58', '2025-09-30 15:49:58');
INSERT INTO `ads_platform` VALUES ('299', '201', '3', '2024-10-01 15:49:58', '2025-09-30 15:49:58');
INSERT INTO `ads_platform` VALUES ('300', '202', '3', '2024-10-01 15:49:58', '2025-09-30 15:49:58');
INSERT INTO `ads_platform` VALUES ('301', '202', '2', '2024-10-01 15:49:58', '2025-09-30 15:49:58');
INSERT INTO `ads_platform` VALUES ('302', '203', '3', '2024-10-01 15:49:58', '2025-09-30 15:49:58');
INSERT INTO `ads_platform` VALUES ('303', '204', '3', '2024-10-01 15:49:58', '2025-09-30 15:49:58');
INSERT INTO `ads_platform` VALUES ('304', '204', '2', '2024-10-01 15:49:58', '2025-09-30 15:49:58');
INSERT INTO `ads_platform` VALUES ('305', '205', '3', '2024-10-01 15:49:58', '2025-09-30 15:49:58');
INSERT INTO `ads_platform` VALUES ('306', '205', '2', '2024-10-01 15:49:58', '2025-09-30 15:49:58');
INSERT INTO `ads_platform` VALUES ('307', '206', '1', '2024-10-01 15:49:58', '2025-09-30 15:49:58');
INSERT INTO `ads_platform` VALUES ('308', '207', '2', '2024-10-01 15:49:58', '2025-09-30 15:49:58');
INSERT INTO `ads_platform` VALUES ('309', '207', '3', '2024-10-01 15:49:58', '2025-09-30 15:49:58');
INSERT INTO `ads_platform` VALUES ('310', '208', '3', '2024-10-01 15:49:58', '2025-09-30 15:49:58');
INSERT INTO `ads_platform` VALUES ('311', '209', '3', '2024-10-01 15:49:58', '2025-09-30 15:49:58');
INSERT INTO `ads_platform` VALUES ('312', '209', '2', '2024-10-01 15:49:58', '2025-09-30 15:49:58');
INSERT INTO `ads_platform` VALUES ('313', '210', '2', '2024-10-01 15:49:58', '2025-09-30 15:49:58');
INSERT INTO `ads_platform` VALUES ('314', '210', '3', '2024-10-01 15:49:58', '2025-09-30 15:49:58');
INSERT INTO `ads_platform` VALUES ('315', '211', '1', '2024-10-01 15:49:58', '2025-09-30 15:49:58');
INSERT INTO `ads_platform` VALUES ('316', '211', '2', '2024-10-01 15:49:58', '2025-09-30 15:49:58');
INSERT INTO `ads_platform` VALUES ('317', '212', '3', '2024-10-01 15:49:58', '2025-09-30 15:49:58');
INSERT INTO `ads_platform` VALUES ('318', '213', '2', '2024-10-01 15:49:58', '2025-09-30 15:49:58');
INSERT INTO `ads_platform` VALUES ('319', '214', '1', '2024-10-01 15:49:58', '2025-09-30 15:49:58');
INSERT INTO `ads_platform` VALUES ('320', '215', '3', '2024-10-01 15:49:58', '2025-09-30 15:49:58');
INSERT INTO `ads_platform` VALUES ('321', '216', '3', '2024-10-01 15:49:58', '2025-09-30 15:49:58');
INSERT INTO `ads_platform` VALUES ('322', '217', '3', '2024-10-01 15:49:58', '2025-09-30 15:49:58');
INSERT INTO `ads_platform` VALUES ('323', '218', '2', '2024-10-01 15:49:58', '2025-09-30 15:49:58');
INSERT INTO `ads_platform` VALUES ('324', '218', '3', '2024-10-01 15:49:58', '2025-09-30 15:49:58');
INSERT INTO `ads_platform` VALUES ('325', '219', '2', '2024-10-01 15:49:58', '2025-09-30 15:49:58');
INSERT INTO `ads_platform` VALUES ('326', '219', '3', '2024-10-01 15:49:58', '2025-09-30 15:49:58');
INSERT INTO `ads_platform` VALUES ('327', '220', '1', '2024-10-01 15:49:58', '2025-09-30 15:49:58');
INSERT INTO `ads_platform` VALUES ('328', '220', '3', '2024-10-01 15:49:58', '2025-09-30 15:49:58');
INSERT INTO `ads_platform` VALUES ('329', '221', '3', '2024-10-01 15:49:58', '2025-09-30 15:49:58');
INSERT INTO `ads_platform` VALUES ('330', '221', '1', '2024-10-01 15:49:58', '2025-09-30 15:49:58');
INSERT INTO `ads_platform` VALUES ('331', '222', '2', '2024-10-01 15:49:58', '2025-09-30 15:49:58');
INSERT INTO `ads_platform` VALUES ('332', '223', '3', '2024-10-01 15:49:58', '2025-09-30 15:49:58');
INSERT INTO `ads_platform` VALUES ('333', '224', '1', '2024-10-01 15:49:58', '2025-09-30 15:49:58');
INSERT INTO `ads_platform` VALUES ('334', '224', '2', '2024-10-01 15:49:58', '2025-09-30 15:49:58');
INSERT INTO `ads_platform` VALUES ('335', '225', '1', '2024-10-01 15:49:58', '2025-09-30 15:49:58');
INSERT INTO `ads_platform` VALUES ('336', '225', '2', '2024-10-01 15:49:58', '2025-09-30 15:49:58');
INSERT INTO `ads_platform` VALUES ('337', '226', '1', '2024-10-01 15:49:58', '2025-09-30 15:49:58');
INSERT INTO `ads_platform` VALUES ('338', '226', '2', '2024-10-01 15:49:58', '2025-09-30 15:49:58');
INSERT INTO `ads_platform` VALUES ('339', '227', '2', '2024-10-01 15:49:58', '2025-09-30 15:49:58');
INSERT INTO `ads_platform` VALUES ('340', '227', '3', '2024-10-01 15:49:58', '2025-09-30 15:49:58');
INSERT INTO `ads_platform` VALUES ('341', '228', '3', '2024-10-01 15:49:58', '2025-09-30 15:49:58');
INSERT INTO `ads_platform` VALUES ('342', '229', '1', '2024-10-01 15:49:58', '2025-09-30 15:49:58');
INSERT INTO `ads_platform` VALUES ('343', '230', '2', '2024-10-01 15:49:58', '2025-09-30 15:49:58');
INSERT INTO `ads_platform` VALUES ('344', '231', '3', '2024-10-01 15:49:58', '2025-09-30 15:49:58');
INSERT INTO `ads_platform` VALUES ('345', '232', '1', '2024-10-01 15:49:58', '2025-09-30 15:49:58');
INSERT INTO `ads_platform` VALUES ('346', '232', '2', '2024-10-01 15:49:58', '2025-09-30 15:49:58');

-- ----------------------------
-- Table structure for platform_info
-- ----------------------------
DROP TABLE IF EXISTS `platform_info`;
CREATE TABLE `platform_info` (
  `id` varchar(255) CHARACTER SET utf8mb3 COLLATE utf8mb3_general_ci DEFAULT NULL,
  `platform` varchar(255) CHARACTER SET utf8mb3 COLLATE utf8mb3_general_ci DEFAULT NULL,
  `platform_alias_zh` varchar(255) CHARACTER SET utf8mb3 COLLATE utf8mb3_general_ci DEFAULT NULL
) ENGINE=InnoDB DEFAULT CHARSET=utf8mb3 ROW_FORMAT=DYNAMIC;

-- ----------------------------
-- Records of platform_info
-- ----------------------------
INSERT INTO `platform_info` VALUES ('1', 'tencent', '');
INSERT INTO `platform_info` VALUES ('2', 'baidu', '');
INSERT INTO `platform_info` VALUES ('3', 'juliang', '');

-- ----------------------------
-- Table structure for product
-- ----------------------------
DROP TABLE IF EXISTS `product`;
CREATE TABLE `product` (
  `id` bigint NOT NULL,
  `name` varchar(255) CHARACTER SET utf8mb3 COLLATE utf8mb3_general_ci DEFAULT NULL,
  `price` double DEFAULT NULL,
  PRIMARY KEY (`id`) USING BTREE
) ENGINE=InnoDB DEFAULT CHARSET=utf8mb3 ROW_FORMAT=DYNAMIC;

-- ----------------------------
-- Records of product
-- ----------------------------
INSERT INTO `product` VALUES ('659417', '', '9.9');
INSERT INTO `product` VALUES ('1214894', '', '14.8');
INSERT INTO `product` VALUES ('5307635', '500', '17.5');
INSERT INTO `product` VALUES ('7005340', '', '5.8');
INSERT INTO `product` VALUES ('15290763', '500g', '12.5');
INSERT INTO `product` VALUES ('76162862', '', '9.9');
INSERT INTO `product` VALUES ('97386343', '51', '16.86');
INSERT INTO `product` VALUES ('133706072', '', '8.99');
INSERT INTO `product` VALUES ('207590108', '', '9.4');
INSERT INTO `product` VALUES ('382389692', '', '15.83');
INSERT INTO `product` VALUES ('382393224', ' ', '12.5');
INSERT INTO `product` VALUES ('429460017', '', '29.9');
INSERT INTO `product` VALUES ('430066234', '', '31.9');
INSERT INTO `product` VALUES ('438912737', '', '129');
INSERT INTO `product` VALUES ('439274582', '', '49.9');
INSERT INTO `product` VALUES ('439315288', '', '49.9');
INSERT INTO `product` VALUES ('461643221', '50', '218');
INSERT INTO `product` VALUES ('641780822', ' ', '9.5');
INSERT INTO `product` VALUES ('683893889', '500g100~2500', '5.5');
INSERT INTO `product` VALUES ('683919176', '', '5.56');
INSERT INTO `product` VALUES ('735365767', '', '79');
INSERT INTO `product` VALUES ('877301258', '', '4.8');
INSERT INTO `product` VALUES ('920858747', '', '49');
INSERT INTO `product` VALUES ('1552077498', '', '49');
INSERT INTO `product` VALUES ('2002451453', '', '49');
INSERT INTO `product` VALUES ('2656108663', '75%75', '5.9');
INSERT INTO `product` VALUES ('2848799491', '', '59');
INSERT INTO `product` VALUES ('2874526167', '', '18.9');
INSERT INTO `product` VALUES ('2996643390', '', '13.9');
INSERT INTO `product` VALUES ('3018120040', '', '114.99');
INSERT INTO `product` VALUES ('4008403294', ' 360g ', '16.8');
INSERT INTO `product` VALUES ('4051723170', ' 1000g ', '11.8');
INSERT INTO `product` VALUES ('4052031727', ' 1000g ', '11.8');
INSERT INTO `product` VALUES ('4076405982', '500g', '11.9');
INSERT INTO `product` VALUES ('4280299835', ' 965g ', '47.9');
INSERT INTO `product` VALUES ('4340400971', '100gx10 ', '19.8');
INSERT INTO `product` VALUES ('4362735597', ' 800g ', '15.8');
INSERT INTO `product` VALUES ('4504159106', '1 750g  ', '13.8');
INSERT INTO `product` VALUES ('4669428587', '190g5 ', '45');
INSERT INTO `product` VALUES ('4672836490', ' ', '3.9');
INSERT INTO `product` VALUES ('4970917684', '', '19');
INSERT INTO `product` VALUES ('5000220297', '', '328');
INSERT INTO `product` VALUES ('5219699735', 'L20', '19.8');
INSERT INTO `product` VALUES ('5393919003', '1000g ', '16.5');
INSERT INTO `product` VALUES ('5859800708', '125', '18.8');
INSERT INTO `product` VALUES ('5859930888', '125100', '20.8');
INSERT INTO `product` VALUES ('6190439310', ' ', '117.99');
INSERT INTO `product` VALUES ('6283034587', ' 10 12 14 16 17 19 20 22', '18.8');
INSERT INTO `product` VALUES ('6283099386', '', '9.9');
INSERT INTO `product` VALUES ('6283569957', '', '14.8');
INSERT INTO `product` VALUES ('6283613953', '', '29');
INSERT INTO `product` VALUES ('6655332273', ' 250g', '9.9');
INSERT INTO `product` VALUES ('6869377317', '', '152.99');
INSERT INTO `product` VALUES ('7245557669', '125150', '15.8');
INSERT INTO `product` VALUES ('7654253918', '    81200', '36.9');
INSERT INTO `product` VALUES ('8003425189', '36', '5.9');
INSERT INTO `product` VALUES ('8135572892', '', '19.8');
INSERT INTO `product` VALUES ('8138972212', '', '14.8');
INSERT INTO `product` VALUES ('8139767277', '', '9.8');
INSERT INTO `product` VALUES ('8139784338', '', '8.8');
INSERT INTO `product` VALUES ('8141818774', '3 ', '19.9');
INSERT INTO `product` VALUES ('8213069998', '', '25');
INSERT INTO `product` VALUES ('8323129514', '', '14.8');
INSERT INTO `product` VALUES ('8349972921', '', '19.9');
INSERT INTO `product` VALUES ('8518987813', ' ', '118');
INSERT INTO `product` VALUES ('8655029597', '', '9.9');
INSERT INTO `product` VALUES ('8667887956', '', '22');
INSERT INTO `product` VALUES ('8675119179', '', '30.8');
INSERT INTO `product` VALUES ('8675929371', 'LED', '1.29');
INSERT INTO `product` VALUES ('8898927762', '2022', '39');
INSERT INTO `product` VALUES ('8983313527', '  6120 ', '8.9');
INSERT INTO `product` VALUES ('15043611995', '2(80g)', '10.9');
INSERT INTO `product` VALUES ('17455439317', ' A', '29.61');
INSERT INTO `product` VALUES ('19981667099', '', '12.9');
INSERT INTO `product` VALUES ('21877880109', '', '14.8');
INSERT INTO `product` VALUES ('22011462722', '', '9.9');
INSERT INTO `product` VALUES ('23720990007', '', '17.64');
INSERT INTO `product` VALUES ('24040136046', 'ins', '49');
INSERT INTO `product` VALUES ('26497044222', '', '29.9');
INSERT INTO `product` VALUES ('26498610393', 'u', '38.8');
INSERT INTO `product` VALUES ('27589595203', '', '1.5');
INSERT INTO `product` VALUES ('27787104316', '', '24.8');
INSERT INTO `product` VALUES ('27787697023', '3-68', '23.3');
INSERT INTO `product` VALUES ('27788141980', '', '28.8');
INSERT INTO `product` VALUES ('27790614598', '1-6', '13.8');
INSERT INTO `product` VALUES ('27790781361', '3612', '24.8');
INSERT INTO `product` VALUES ('27791722879', '7-10', '23.3');
INSERT INTO `product` VALUES ('35617175313', '100~2', '12.5');
INSERT INTO `product` VALUES ('36284569446', '2022', '48.89');
INSERT INTO `product` VALUES ('36562795640', '', '158');
INSERT INTO `product` VALUES ('40298732209', '', '158');
INSERT INTO `product` VALUES ('41308346184', '', '9.9');
INSERT INTO `product` VALUES ('41482795421', '', '7.9');
INSERT INTO `product` VALUES ('41780259306', '2023', '1.68');
INSERT INTO `product` VALUES ('42304920916', ' ', '148');
INSERT INTO `product` VALUES ('42694213004', ' ', '9.9');
INSERT INTO `product` VALUES ('42695443662', ' ', '9.9');
INSERT INTO `product` VALUES ('43431921914', '2022', '59');
INSERT INTO `product` VALUES ('44905736624', '', '68');
INSERT INTO `product` VALUES ('46881425015', '', '2.49');
INSERT INTO `product` VALUES ('48362887060', '304', '0.78');
INSERT INTO `product` VALUES ('48534791058', 'LED E27E14', '1.28');
INSERT INTO `product` VALUES ('50852323844', '', '158');
INSERT INTO `product` VALUES ('52056363325', '', '158');
INSERT INTO `product` VALUES ('53917573923', '', '68');
INSERT INTO `product` VALUES ('55513070221', '', '58');
INSERT INTO `product` VALUES ('55722043290', '', '55');
INSERT INTO `product` VALUES ('56096324233', '', '78.95');
INSERT INTO `product` VALUES ('57061686338', '', '58');
INSERT INTO `product` VALUES ('58612347075', '', '68');
INSERT INTO `product` VALUES ('58621652653', '304', '1.45');
INSERT INTO `product` VALUES ('59525521411', '', '84');
INSERT INTO `product` VALUES ('61380225539', '', '57.99');
INSERT INTO `product` VALUES ('61974341213', '', '18');
INSERT INTO `product` VALUES ('65419777628', '', '16.99');
INSERT INTO `product` VALUES ('65724024973', '3043.0', '1.55');
INSERT INTO `product` VALUES ('68588637823', ' ', '135');
INSERT INTO `product` VALUES ('68839199210', '', '39.8');
INSERT INTO `product` VALUES ('69763644414', ' 6', '16.9');
INSERT INTO `product` VALUES ('71889046036', '10', '2');
INSERT INTO `product` VALUES ('72163747121', '', '9.8');
INSERT INTO `product` VALUES ('72192460768', '', '12.9');
INSERT INTO `product` VALUES ('72547758754', '', '17.8');
INSERT INTO `product` VALUES ('72556195722', '', '8.8');
INSERT INTO `product` VALUES ('72575930544', '', '19');
INSERT INTO `product` VALUES ('72808161697', 'eec5', '27.5');
INSERT INTO `product` VALUES ('73324994810', '2022', '18.32');
INSERT INTO `product` VALUES ('73352316806', '2022', '25.6');
INSERT INTO `product` VALUES ('73681461240', '2022', '28.8');
INSERT INTO `product` VALUES ('74053756621', '', '17');
INSERT INTO `product` VALUES ('74636384355', '', '58');
INSERT INTO `product` VALUES ('75018990981', '', '48');
INSERT INTO `product` VALUES ('76128212558', ' 6750ml*6', '102');
INSERT INTO `product` VALUES ('76428440408', '', '109');
INSERT INTO `product` VALUES ('76859029184', '', '68');
INSERT INTO `product` VALUES ('77486888741', '37750ml*6', '199');
INSERT INTO `product` VALUES ('78207863137', '  11 750ml', '24.9');
INSERT INTO `product` VALUES ('79025438013', '3dins', '5');
INSERT INTO `product` VALUES ('79072256463', '', '58');
INSERT INTO `product` VALUES ('80267915723', '', '48.9');
INSERT INTO `product` VALUES ('81347058059', '', '39.8');
INSERT INTO `product` VALUES ('82020370264', '', '39');
INSERT INTO `product` VALUES ('86082984217', '2022', '239');
INSERT INTO `product` VALUES ('86298782073', '', '88');
INSERT INTO `product` VALUES ('87934235146', '', '3');
INSERT INTO `product` VALUES ('88937309990', '', '3.38');
INSERT INTO `product` VALUES ('97075560767', '', '59');
INSERT INTO `product` VALUES ('97102589262', '2020', '48.99');
INSERT INTO `product` VALUES ('97934202871', '  11750ml*6', '159');
INSERT INTO `product` VALUES ('98018886953', '', '84');
INSERT INTO `product` VALUES ('99267754399', ' 250g', '9.9');
INSERT INTO `product` VALUES ('104002657865', '', '0.5');
INSERT INTO `product` VALUES ('104808650705', ' ', '118');
INSERT INTO `product` VALUES ('113424994572', '', '99');
INSERT INTO `product` VALUES ('115575013165', '6.2434327.8M202017/18m20', '6.24');
INSERT INTO `product` VALUES ('115596833878', '4.5620006M302015/17m30', '4.56');
INSERT INTO `product` VALUES ('115747565009', '4.4431105.52012-16/18/19/20DTXT', '4.4');
INSERT INTO `product` VALUES ('115829751365', '', '3.8');
INSERT INTO `product` VALUES ('118917401862', 'F7f7x', '5.52');
INSERT INTO `product` VALUES ('118924270240', 'H22014-17/18H2S', '5.66');
INSERT INTO `product` VALUES ('119084005768', '', '5.88');
INSERT INTO `product` VALUES ('119104589008', 'M32018/17/16/15-13m3', '4.68');
INSERT INTO `product` VALUES ('119112390669', '510', '6.2');
INSERT INTO `product` VALUES ('119640051076', 'M32015/16/17/18m3', '6.12');
INSERT INTO `product` VALUES ('120699107714', '', '9.8');
INSERT INTO `product` VALUES ('121239217248', '2022', '39.6');
INSERT INTO `product` VALUES ('121873203337', '500g ', '8.8');
INSERT INTO `product` VALUES ('123302722747', '2007-16/17/18/19', '4.5');
INSERT INTO `product` VALUES ('123479864313', '', '128.48');
INSERT INTO `product` VALUES ('124008464467', ' 750ml*6', '138');
INSERT INTO `product` VALUES ('124034986888', ' 750ml*6', '165.12');
INSERT INTO `product` VALUES ('124098783434', '', '199');
INSERT INTO `product` VALUES ('124871485743', '4.5199952006-16C4/', '4.5');
INSERT INTO `product` VALUES ('125549493217', ' 50', '6.9');
INSERT INTO `product` VALUES ('125559754016', '11', '8.9');
INSERT INTO `product` VALUES ('125563915769', '2', '8.9');
INSERT INTO `product` VALUES ('125929971503', '', '11.8');
INSERT INTO `product` VALUES ('126888365815', '5.852006.5S3s3', '5.85');
INSERT INTO `product` VALUES ('127237160621', '', '188');
INSERT INTO `product` VALUES ('127520924226', '', '23.3');
INSERT INTO `product` VALUES ('128550391074', '4.642005.8L', '4.64');
INSERT INTO `product` VALUES ('128850039939', 'MMCXHIFIDIY', '30');
INSERT INTO `product` VALUES ('130171159227', '', '6.98');
INSERT INTO `product` VALUES ('137897916326', '', '19.9');
INSERT INTO `product` VALUES ('138529637564', '3.7520005', '3.75');
INSERT INTO `product` VALUES ('138532901326', '4.292006.5', '4.29');
INSERT INTO `product` VALUES ('139097973432', '3.9120005.5S', '3.91');
INSERT INTO `product` VALUES ('141061375958', '3.7520005', '3.75');
INSERT INTO `product` VALUES ('141747039842', '1-2/7', '30.5');
INSERT INTO `product` VALUES ('142063504110', '', '129');
INSERT INTO `product` VALUES ('144606497046', '37750ml*6', '355');
INSERT INTO `product` VALUES ('145134627481', '', '149');
INSERT INTO `product` VALUES ('145150043674', '', '129');
INSERT INTO `product` VALUES ('145168738287', '', '249');
INSERT INTO `product` VALUES ('145220635899', '', '129');
INSERT INTO `product` VALUES ('145259982941', '', '269');
INSERT INTO `product` VALUES ('145260392417', '', '44.79');
INSERT INTO `product` VALUES ('145302907786', '', '259');
INSERT INTO `product` VALUES ('147097103338', '', '129');
INSERT INTO `product` VALUES ('148606195433', '', '23.3');
INSERT INTO `product` VALUES ('148978760651', 'PVC', '2');
INSERT INTO `product` VALUES ('149788000733', '', '89');
INSERT INTO `product` VALUES ('152818220121', '', '34');
INSERT INTO `product` VALUES ('152818349778', '', '29.9');
INSERT INTO `product` VALUES ('153058772633', '20203-5-6DIY', '59');
INSERT INTO `product` VALUES ('154021419207', '100% ', '9.9');
INSERT INTO `product` VALUES ('154482608665', '2022', '89');
INSERT INTO `product` VALUES ('154520293748', '', '49');
INSERT INTO `product` VALUES ('155338504269', '2022', '188');
INSERT INTO `product` VALUES ('157406957313', '2021', '68');
INSERT INTO `product` VALUES ('158191333468', '', '1');
INSERT INTO `product` VALUES ('158399334959', '2022', '80.03');
INSERT INTO `product` VALUES ('159209674988', 'T', '19.9');
INSERT INTO `product` VALUES ('159352716574', '750ml*2', '49.28');
INSERT INTO `product` VALUES ('159851032620', '', '59.8');
INSERT INTO `product` VALUES ('159978916769', '', '59');
INSERT INTO `product` VALUES ('159987167644', '', '49');
INSERT INTO `product` VALUES ('161001461050', 'dcp1618wtn10351608 1518 1208 1118 MFC1919NW', '29.8');
INSERT INTO `product` VALUES ('161010817904', 'M7206W M7216NWALJ2206W 2205 7255 LT201', '29.8');
INSERT INTO `product` VALUES ('162783381482', '', '29.9');
INSERT INTO `product` VALUES ('162985754587', '11', '12.9');
INSERT INTO `product` VALUES ('163094903479', '', '39.8');
INSERT INTO `product` VALUES ('164130611722', 'm1136p1108 HP1106 M126a/nw cc388a M128fn', '26.9');
INSERT INTO `product` VALUES ('164161522826', 'm1005HP1020laserjet m1005 Q2612A', '26.9');
INSERT INTO `product` VALUES ('164740433525', '', '36.8');
INSERT INTO `product` VALUES ('164911469226', '', '88');
INSERT INTO `product` VALUES ('165465538514', '', '14.3');
INSERT INTO `product` VALUES ('165735949097', '2022', '98');
INSERT INTO `product` VALUES ('166327525510', '304', '1.4');
INSERT INTO `product` VALUES ('166646878819', 'SCX4521F4321ns/hs ML1610 4725 2010 4821 4621', '36.9');
INSERT INTO `product` VALUES ('167409793551', 'DCP7080dHL2260 7180 7480D MFC7380 7880TN2325', '27.52');
INSERT INTO `product` VALUES ('167943556276', 'mm200', '46.8');
INSERT INTO `product` VALUES ('168004374939', '', '228');
INSERT INTO `product` VALUES ('168371693489', '', '71.9');
INSERT INTO `product` VALUES ('169163107206', 'JCALLYALC5686DACHIFtypec3.5m', '49');
INSERT INTO `product` VALUES ('169438061548', '', '5.01');
INSERT INTO `product` VALUES ('170198011647', '', '139');
INSERT INTO `product` VALUES ('170258836825', '', '15.84');
INSERT INTO `product` VALUES ('170999615238', '', '3.8');
INSERT INTO `product` VALUES ('172321233885', '', '5');
INSERT INTO `product` VALUES ('172689537794', '16A86USBG07', '8.5');
INSERT INTO `product` VALUES ('172690131086', '16aUSBG31', '4.6');
INSERT INTO `product` VALUES ('172705271455', '16aUSBG31', '4.6');
INSERT INTO `product` VALUES ('172983796635', '16A86USBG12', '7.5');
INSERT INTO `product` VALUES ('173551329850', '1G09', '6.8');
INSERT INTO `product` VALUES ('173551705430', '16a', '8.1');
INSERT INTO `product` VALUES ('174166746959', 'L-7XL230', '68');
INSERT INTO `product` VALUES ('174347342833', '', '10.9');
INSERT INTO `product` VALUES ('175069700153', '', '11.9');
INSERT INTO `product` VALUES ('177521041909', '', '88');
INSERT INTO `product` VALUES ('177731813403', '2020DIY4-6', '59');
INSERT INTO `product` VALUES ('178568623808', 'logo', '5');
INSERT INTO `product` VALUES ('179782722290', '750ml*6', '264');
INSERT INTO `product` VALUES ('179856104643', '', '14.2');
INSERT INTO `product` VALUES ('179894317812', '118usbG04', '16.1');
INSERT INTO `product` VALUES ('179894524222', '118691220', '18.7');
INSERT INTO `product` VALUES ('180644795246', '86G12', '7.5');
INSERT INTO `product` VALUES ('180679795755', '16A86USBG07', '8.8');
INSERT INTO `product` VALUES ('180920265749', '178nw118a HP179fnw150a 150nw HP Color Laser', '32.57');
INSERT INTO `product` VALUES ('181757270724', '', '144');
INSERT INTO `product` VALUES ('181926556471', '', '2');
INSERT INTO `product` VALUES ('184579750428', '4024', '13.8');
INSERT INTO `product` VALUES ('185432753974', '', '14.9');
INSERT INTO `product` VALUES ('185806399080', '2000113', '60');
INSERT INTO `product` VALUES ('185857522416', '2000113', '240');
INSERT INTO `product` VALUES ('186148230198', '', '298');
INSERT INTO `product` VALUES ('186244534635', '', '1.88');
INSERT INTO `product` VALUES ('188298188490', '118G04', '4.69');
INSERT INTO `product` VALUES ('188298603976', '11891220G04', '13.5');
INSERT INTO `product` VALUES ('190897753120', '100%', '260.76');
INSERT INTO `product` VALUES ('192157933473', 'JCALLYJC-08Smmcx0.78KZ CCA TRN', '39');
INSERT INTO `product` VALUES ('193586993772', 'JCALLYJA045686typec3.5', '48.99');
INSERT INTO `product` VALUES ('194506726985', '', '284.9');
INSERT INTO `product` VALUES ('194760977276', '', '94');
INSERT INTO `product` VALUES ('196831238126', 'SCX3201ML1666 D1043S 1676 32001861 1865', '35.9');
INSERT INTO `product` VALUES ('197263855272', '21', '18.9');
INSERT INTO `product` VALUES ('197736861660', '', '23.66');
INSERT INTO `product` VALUES ('198188811172', 'typecOPPOvivo', '29');
INSERT INTO `product` VALUES ('198840133045', '', '3.89');
INSERT INTO `product` VALUES ('199673032085', '2000113', '60');
INSERT INTO `product` VALUES ('199999323753', '7', '3.99');
INSERT INTO `product` VALUES ('200179389918', '', '5');
INSERT INTO `product` VALUES ('200185809317', '', '5');
INSERT INTO `product` VALUES ('201455367258', '136wHP110A 108w mfp 136a/nw/wm 138pnw1110a', '34.9');
INSERT INTO `product` VALUES ('201510483384', '3', '6.97');
INSERT INTO `product` VALUES ('202154361505', '', '206.1');
INSERT INTO `product` VALUES ('202203401199', '50', '8.8');
INSERT INTO `product` VALUES ('202723609022', '2)', '6.8');
INSERT INTO `product` VALUES ('203140651797', 'ins', '29.98');
INSERT INTO `product` VALUES ('203273252937', '120ml', '11.9');
INSERT INTO `product` VALUES ('203291863935', '', '9.8');
INSERT INTO `product` VALUES ('203325310886', '10', '49.9');
INSERT INTO `product` VALUES ('203329866079', '1100', '25.8');
INSERT INTO `product` VALUES ('203724082825', '', '25.9');
INSERT INTO `product` VALUES ('203817221349', 'JCALLYJM08Ctype-c3.5mm', '39');
INSERT INTO `product` VALUES ('205389823307', '', '7.73');
INSERT INTO `product` VALUES ('205404572726', '6/30', '8.5');
INSERT INTO `product` VALUES ('205516782816', '', '22.5');
INSERT INTO `product` VALUES ('205537077624', '', '16.2');
INSERT INTO `product` VALUES ('205698852784', 'EYE100%', '19.9');
INSERT INTO `product` VALUES ('205757107042', '', '8.8');
INSERT INTO `product` VALUES ('206002474368', 'm154am180n HP204a M181fwCF510aM154nw', '44.45');
INSERT INTO `product` VALUES ('207788803752', '300023-6', '25.6');
INSERT INTO `product` VALUES ('209125082430', '', '4.88');
INSERT INTO `product` VALUES ('209948302972', '', '5.58');
INSERT INTO `product` VALUES ('210175869652', '2022', '336');
INSERT INTO `product` VALUES ('210657775700', '503212', '9.8');
INSERT INTO `product` VALUES ('211855581375', '2022', '98.8');
INSERT INTO `product` VALUES ('213674244295', ')', '13.8');
INSERT INTO `product` VALUES ('214231133080', 'JCALLYJM08Llightning3.', '89');
INSERT INTO `product` VALUES ('214402953077', '', '12.9');
INSERT INTO `product` VALUES ('215536173179', '', '86');
INSERT INTO `product` VALUES ('215825229111', '', '5.86');
INSERT INTO `product` VALUES ('217138621601', '804012', '14.9');
INSERT INTO `product` VALUES ('217348696359', '', '14.76');
INSERT INTO `product` VALUES ('218479851367', 'HP1505m1522nfP1505M1120mfp 36A CB436A', '27.52');
INSERT INTO `product` VALUES ('220042259087', '10ML', '8.3');
INSERT INTO `product` VALUES ('220044072451', '120', '15.9');
INSERT INTO `product` VALUES ('220535187815', '21', '49.9');
INSERT INTO `product` VALUES ('220763735771', '', '76.8');
INSERT INTO `product` VALUES ('221189546686', '', '39.9');
INSERT INTO `product` VALUES ('221192209984', '', '39.32');
INSERT INTO `product` VALUES ('221430543764', '', '33.6');
INSERT INTO `product` VALUES ('222187164586', 'JCALLYJA05typec3.5', '33.99');
INSERT INTO `product` VALUES ('222581635000', '', '148');
INSERT INTO `product` VALUES ('223432317079', '55', '4.6');
INSERT INTO `product` VALUES ('223516992275', 'PVC', '5');
INSERT INTO `product` VALUES ('224002960993', '', '118');
INSERT INTO `product` VALUES ('224049877629', '214.0', '18.6');
INSERT INTO `product` VALUES ('227413070677', '2022', '31.6');
INSERT INTO `product` VALUES ('227845359188', '', '10.87');
INSERT INTO `product` VALUES ('228298032311', '', '3.9');
INSERT INTO `product` VALUES ('228324631287', '', '15.68');
INSERT INTO `product` VALUES ('228328282076', '', '129');
INSERT INTO `product` VALUES ('228473590744', '', '23.8');
INSERT INTO `product` VALUES ('228622758645', '', '7.6');
INSERT INTO `product` VALUES ('228643207416', '2022', '19.6');
INSERT INTO `product` VALUES ('228680826145', '', '3.9');
INSERT INTO `product` VALUES ('229014303779', '', '86');
INSERT INTO `product` VALUES ('229837793202', 'led', '6.89');
INSERT INTO `product` VALUES ('230114550329', '', '109');
INSERT INTO `product` VALUES ('230168744798', '', '64.67');
INSERT INTO `product` VALUES ('231561237116', '', '23.8');
INSERT INTO `product` VALUES ('231841278936', '', '799');
INSERT INTO `product` VALUES ('232317848859', 'excel word ppt', '29.8');
INSERT INTO `product` VALUES ('232377547550', '', '5.23');
INSERT INTO `product` VALUES ('232450140870', '', '1.95');
INSERT INTO `product` VALUES ('232503599793', '2022', '138');
INSERT INTO `product` VALUES ('232705345801', '', '4.25');
INSERT INTO `product` VALUES ('232800079205', '3-10', '4.39');
INSERT INTO `product` VALUES ('233094900859', ' 268g', '8.8');
INSERT INTO `product` VALUES ('234256922060', '601', '6.78');
INSERT INTO `product` VALUES ('234931232616', '20.54641741.914.3', '20.54');
INSERT INTO `product` VALUES ('235097254513', '24.53467049.9914.1', '24.5');
INSERT INTO `product` VALUES ('235201895496', '', '69');
INSERT INTO `product` VALUES ('235600056009', '', '118');
INSERT INTO `product` VALUES ('236021908122', '1314', '16.6');
INSERT INTO `product` VALUES ('236581728741', '12V2A', '26');
INSERT INTO `product` VALUES ('237950612527', 'ins', '2.72');
INSERT INTO `product` VALUES ('239035789581', '', '2.28');
INSERT INTO `product` VALUES ('239525783305', '', '86');
INSERT INTO `product` VALUES ('239958088153', '', '130');
INSERT INTO `product` VALUES ('240250774013', '', '31');
INSERT INTO `product` VALUES ('241493160889', '', '29');
INSERT INTO `product` VALUES ('241690786708', 'T', '13.41');
INSERT INTO `product` VALUES ('241708263563', 'T', '15.9');
INSERT INTO `product` VALUES ('241771762405', '2021', '268');
INSERT INTO `product` VALUES ('241901267106', ' ', '6.8');
INSERT INTO `product` VALUES ('242300895068', '', '4.5');
INSERT INTO `product` VALUES ('242780722948', '', '22.6');
INSERT INTO `product` VALUES ('243156255178', '', '139');
INSERT INTO `product` VALUES ('243375342411', '', '127');
INSERT INTO `product` VALUES ('243419773584', '612', '24.8');
INSERT INTO `product` VALUES ('243435519556', '203.4222226', '203.4');
INSERT INTO `product` VALUES ('243848758303', '', '3.37');
INSERT INTO `product` VALUES ('244190525505', '', '3.79');
INSERT INTO `product` VALUES ('244718989518', '2021', '168');
INSERT INTO `product` VALUES ('244736087672', '', '10.88');
INSERT INTO `product` VALUES ('244967095728', '52', '9.9');
INSERT INTO `product` VALUES ('246083850047', ' 6', '129');
INSERT INTO `product` VALUES ('246109002817', '', '1.98');
INSERT INTO `product` VALUES ('246211409041', '', '6.9');
INSERT INTO `product` VALUES ('246525707783', '2022', '138');
INSERT INTO `product` VALUES ('247011514190', '', '14.48');
INSERT INTO `product` VALUES ('247711077317', '101', '6.8');
INSERT INTO `product` VALUES ('247843746713', '2022', '78');
INSERT INTO `product` VALUES ('248143131084', '71', '10.9');
INSERT INTO `product` VALUES ('248605538963', '2022', '88');
INSERT INTO `product` VALUES ('248781821875', 'DCP7080DDCP70807080', '29.8');
INSERT INTO `product` VALUES ('249907445565', '', '29.9');
INSERT INTO `product` VALUES ('250236802833', '', '178');
INSERT INTO `product` VALUES ('251005034559', 'AA30c/a40c', '8.61');
INSERT INTO `product` VALUES ('251005109937', 'BA30c406080', '7.9');
INSERT INTO `product` VALUES ('251005379293', '9N70C/E100/E125/N80', '14.8');
INSERT INTO `product` VALUES ('251343231273', 'c/b/e', '8.55');
INSERT INTO `product` VALUES ('251343418656', '', '23.75');
INSERT INTO `product` VALUES ('251373698501', '2022', '88');
INSERT INTO `product` VALUES ('251749288610', '', '98');
INSERT INTO `product` VALUES ('251751607523', 'a', '66.6');
INSERT INTO `product` VALUES ('252190093949', '35', '21.49');
INSERT INTO `product` VALUES ('253085631037', 'a', '102.09');
INSERT INTO `product` VALUES ('253468947022', 'HP Laserjet P1108HP P1106', '26.63');
INSERT INTO `product` VALUES ('253534110087', 'lbp2900L11121E MF4010b mf4012b  Canon CRG303', '26.9');
INSERT INTO `product` VALUES ('253536891017', 'M74007400Pro M7400WLT2451 LT2441', '26.8');
INSERT INTO `product` VALUES ('253649390777', 'mate40promate40e', '16.8');
INSERT INTO `product` VALUES ('253661199063', 'mate30pro30eprog', '16.8');
INSERT INTO `product` VALUES ('254114934591', '', '146');
INSERT INTO `product` VALUES ('254256267907', '11mi11pro11Ultra', '16.8');
INSERT INTO `product` VALUES ('255281469792', '', '1.27');
INSERT INTO `product` VALUES ('256882657506', '', '68');
INSERT INTO `product` VALUES ('257054312905', 'kelala', '15.9');
INSERT INTO `product` VALUES ('257552302942', '12iPhone11xs/xrpromax6/7/8Plus', '11.8');
INSERT INTO `product` VALUES ('258004125674', '', '96');
INSERT INTO `product` VALUES ('258579551447', '', '38.8');
INSERT INTO `product` VALUES ('258693688604', 'a', '30');
INSERT INTO `product` VALUES ('258939769555', '357g', '209');
INSERT INTO `product` VALUES ('259142110997', '15.6', '50.15');
INSERT INTO `product` VALUES ('259177903687', '9595%', '5.88');
INSERT INTO `product` VALUES ('259426245461', '75500ml112', '15.8');
INSERT INTO `product` VALUES ('260139594640', 'ins', '29.92');
INSERT INTO `product` VALUES ('261240797219', '', '22.9');
INSERT INTO `product` VALUES ('261891834904', '9.9', '10.8');
INSERT INTO `product` VALUES ('262378069860', '', '6.88');
INSERT INTO `product` VALUES ('263407994859', '', '26.9');
INSERT INTO `product` VALUES ('263463954711', '', '67.09');
INSERT INTO `product` VALUES ('263690488153', '', '55.1');
INSERT INTO `product` VALUES ('264134018566', '', '12.9');
INSERT INTO `product` VALUES ('264259437115', '1224', '9.9');
INSERT INTO `product` VALUES ('264295785592', '', '68');
INSERT INTO `product` VALUES ('264646538565', '', '105');
INSERT INTO `product` VALUES ('264867946842', '', '105');
INSERT INTO `product` VALUES ('265140146986', '3-4-5-6', '59');
INSERT INTO `product` VALUES ('265404537962', 'C40lite/c65lite/c90', '8');
INSERT INTO `product` VALUES ('265626287267', '', '87');
INSERT INTO `product` VALUES ('265646479377', '', '96');
INSERT INTO `product` VALUES ('265848108073', '4-6', '56.99');
INSERT INTO `product` VALUES ('265959196396', '5', '11.13');
INSERT INTO `product` VALUES ('266164824149', '', '336');
INSERT INTO `product` VALUES ('266935961939', '', '53');
INSERT INTO `product` VALUES ('267185780781', '2021', '69.9');
INSERT INTO `product` VALUES ('267561157942', '', '82.2');
INSERT INTO `product` VALUES ('267748914876', '', '78');
INSERT INTO `product` VALUES ('267759778819', '', '17.87');
INSERT INTO `product` VALUES ('268021202883', '2021', '59.5');
INSERT INTO `product` VALUES ('268307833185', '', '109');
INSERT INTO `product` VALUES ('268347700973', '2022', '108');
INSERT INTO `product` VALUES ('268660644314', '2021', '59.8');
INSERT INTO `product` VALUES ('269143821214', '(PLODON)', '139');
INSERT INTO `product` VALUES ('269344382213', '', '19.7');
INSERT INTO `product` VALUES ('269351193824', '', '49.9');
INSERT INTO `product` VALUES ('269384954825', '', '69');
INSERT INTO `product` VALUES ('269395679792', '0', '5.45');
INSERT INTO `product` VALUES ('269789609717', '3-5-6', '59');
INSERT INTO `product` VALUES ('270162661563', '2021', '218');
INSERT INTO `product` VALUES ('270507409828', '', '198');
INSERT INTO `product` VALUES ('271633018019', 'WIFIusb202124', '125');
INSERT INTO `product` VALUES ('271849447031', '66.241878172USB2021', '66.24');
INSERT INTO `product` VALUES ('271989291985', '2021', '69.8');
INSERT INTO `product` VALUES ('272153485912', '1.1599542.3LED', '1.15');
INSERT INTO `product` VALUES ('272201372850', '2021', '59');
INSERT INTO `product` VALUES ('272837812523', '', '12.9');
INSERT INTO `product` VALUES ('272848319753', '', '13.8');
INSERT INTO `product` VALUES ('273296705661', '2021', '79.8');
INSERT INTO `product` VALUES ('273658349912', '', '36.6');
INSERT INTO `product` VALUES ('273717509896', '', '0.8');
INSERT INTO `product` VALUES ('273770062200', '', '69');
INSERT INTO `product` VALUES ('274550763542', ' 750ml*6', '118');
INSERT INTO `product` VALUES ('274576235663', '357g', '309');
INSERT INTO `product` VALUES ('274602664874', '', '329');
INSERT INTO `product` VALUES ('275172700854', 'E80E100/E125/E200', '21.27');
INSERT INTO `product` VALUES ('275219358911', '', '3.5');
INSERT INTO `product` VALUES ('275369065772', '101', '24.8');
INSERT INTO `product` VALUES ('275440996480', '930', '65');
INSERT INTO `product` VALUES ('275872974964', 'SPB', '88.99');
INSERT INTO `product` VALUES ('276350315663', '3-5-6', '69');
INSERT INTO `product` VALUES ('277565683028', ' ', '2.09');
INSERT INTO `product` VALUES ('278462706078', '357g', '109');
INSERT INTO `product` VALUES ('278634024323', '41', '9.9');
INSERT INTO `product` VALUES ('279351248569', '2021', '69');
INSERT INTO `product` VALUES ('279579630566', '6', '119');
INSERT INTO `product` VALUES ('280016463050', '', '99');
INSERT INTO `product` VALUES ('280256659708', '', '7.49');
INSERT INTO `product` VALUES ('280368559125', '', '17.9');
INSERT INTO `product` VALUES ('280380351872', '10g', '3.8');
INSERT INTO `product` VALUES ('280540801386', '', '158');
INSERT INTO `product` VALUES ('280595062136', '', '39.9');
INSERT INTO `product` VALUES ('281401931161', '', '18.9');
INSERT INTO `product` VALUES ('281661799361', '', '8.99');
INSERT INTO `product` VALUES ('281967155678', '', '16.9');
INSERT INTO `product` VALUES ('282079980466', '', '13.8');
INSERT INTO `product` VALUES ('282248474600', '', '98.8');
INSERT INTO `product` VALUES ('284822155514', '', '1.13');
INSERT INTO `product` VALUES ('284875964819', '', '2');
INSERT INTO `product` VALUES ('285226336806', '', '1.09');
INSERT INTO `product` VALUES ('285313947297', '13iPhone13propromaxmini', '14.8');
INSERT INTO `product` VALUES ('285543817257', '', '109');
INSERT INTO `product` VALUES ('285983110740', '', '59');
INSERT INTO `product` VALUES ('286189700411', '', '2.09');
INSERT INTO `product` VALUES ('286333551816', ' ', '188');
INSERT INTO `product` VALUES ('286524685631', '', '89');
INSERT INTO `product` VALUES ('286586696128', '', '86');
INSERT INTO `product` VALUES ('286598026291', '', '169.99');
INSERT INTO `product` VALUES ('286607777529', '', '86');
INSERT INTO `product` VALUES ('286849036714', '', '54');
INSERT INTO `product` VALUES ('287198798748', '', '73');
INSERT INTO `product` VALUES ('287341262855', '', '150');
INSERT INTO `product` VALUES ('287419349603', '', '90');
INSERT INTO `product` VALUES ('287473055046', '2021', '39.33');
INSERT INTO `product` VALUES ('288205139481', '', '138');
INSERT INTO `product` VALUES ('288795855264', 'chic', '34.5');
INSERT INTO `product` VALUES ('289010176100', '', '83.98');
INSERT INTO `product` VALUES ('289171878333', '', '86');
INSERT INTO `product` VALUES ('289937549729', ' ', '6.9');
INSERT INTO `product` VALUES ('290351550544', '6010', '10.8');
INSERT INTO `product` VALUES ('293288507483', '2022', '98.8');
INSERT INTO `product` VALUES ('294897228627', '14/13iPhone12/11Proxr/xsmax', '14.8');
INSERT INTO `product` VALUES ('294936205085', '14/13iPhone12/11promaxxrxs', '13.9');
INSERT INTO `product` VALUES ('295230753890', '', '103');
INSERT INTO `product` VALUES ('296263889646', '', '8.9');
INSERT INTO `product` VALUES ('296468708232', '', '24.75');
INSERT INTO `product` VALUES ('296686994224', '', '6');
INSERT INTO `product` VALUES ('296816640514', 'ins', '13.8');
INSERT INTO `product` VALUES ('297490887214', '2022', '138');
INSERT INTO `product` VALUES ('297491796143', '2022', '143');
INSERT INTO `product` VALUES ('298610795265', '', '88');
INSERT INTO `product` VALUES ('298823945811', '2021', '25.99');
INSERT INTO `product` VALUES ('298846635695', '', '174.99');
INSERT INTO `product` VALUES ('299690997096', 'ins', '26.6');
INSERT INTO `product` VALUES ('302094755142', '', '174.14');
INSERT INTO `product` VALUES ('302190579446', '2022', '34.5');
INSERT INTO `product` VALUES ('302466550708', '2023', '0.7');
INSERT INTO `product` VALUES ('302899447829', 'ins15.6', '59');
INSERT INTO `product` VALUES ('303232939062', '', '88');
INSERT INTO `product` VALUES ('303271391134', '2022', '5.9');
INSERT INTO `product` VALUES ('303301501485', '2022', '17.6');
INSERT INTO `product` VALUES ('303311182382', '12iPhone12propromaxmini', '15.8');
INSERT INTO `product` VALUES ('303766705900', '12iPhone12propromax', '13.9');
INSERT INTO `product` VALUES ('304180853565', 'ipad2021/202010.2air234mini6/59.7pro', '15.8');
INSERT INTO `product` VALUES ('304231628471', '', '2.61');
INSERT INTO `product` VALUES ('305561334804', '', '5.5');
INSERT INTO `product` VALUES ('306115679301', '2023', '3.8');
INSERT INTO `product` VALUES ('306233259768', '', '168.2');
INSERT INTO `product` VALUES ('307346067473', 'ins', '26.6');
INSERT INTO `product` VALUES ('307351651565', '', '28');
INSERT INTO `product` VALUES ('307453482406', '', '239');
INSERT INTO `product` VALUES ('307822130612', '', '35.9');
INSERT INTO `product` VALUES ('307939141586', '2022', '1.8');
INSERT INTO `product` VALUES ('308385220347', '', '4.07');
INSERT INTO `product` VALUES ('308592609870', '2022', '8.8');
INSERT INTO `product` VALUES ('310415973613', '', '55.1');
INSERT INTO `product` VALUES ('310892618229', '', '55.69');
INSERT INTO `product` VALUES ('311350608237', '930', '58');
INSERT INTO `product` VALUES ('311350994512', '', '21.9');
INSERT INTO `product` VALUES ('312393756334', '7/8iPhone6/6S7Pplus8plus', '13.9');
INSERT INTO `product` VALUES ('312678201284', '', '6.88');
INSERT INTO `product` VALUES ('312683618579', 'ins ', '32.9');
INSERT INTO `product` VALUES ('313297697490', '', '1.91');
INSERT INTO `product` VALUES ('313741073537', '', '105');
INSERT INTO `product` VALUES ('313809391812', 'a4A3', '1.02');
INSERT INTO `product` VALUES ('314192987817', 'ins', '32.85');
INSERT INTO `product` VALUES ('316035334738', '', '12.8');
INSERT INTO `product` VALUES ('316258964459', '2022', '89');
INSERT INTO `product` VALUES ('316977202848', 'ins1117', '29.96');
INSERT INTO `product` VALUES ('317194923259', '2022', '59');
INSERT INTO `product` VALUES ('317462206740', 'Z', '68');
INSERT INTO `product` VALUES ('318050489736', '', '7.61');
INSERT INTO `product` VALUES ('318119706728', 'Midea1.2L ', '329');
INSERT INTO `product` VALUES ('318954719077', 'ins2022', '89');
INSERT INTO `product` VALUES ('319335619558', '', '24.9');
INSERT INTO `product` VALUES ('319578405127', '', '29.9');
INSERT INTO `product` VALUES ('321205019127', 'a4A3', '0.5');
INSERT INTO `product` VALUES ('321401907310', '', '199');
INSERT INTO `product` VALUES ('322465929510', '2022', '65.49');
INSERT INTO `product` VALUES ('322920200961', '  ', '85');
INSERT INTO `product` VALUES ('323024244439', '2022', '158');
INSERT INTO `product` VALUES ('323178646207', '', '5.88');
INSERT INTO `product` VALUES ('323802015200', '601', '2.98');
INSERT INTO `product` VALUES ('324004964192', 'XRiPhonex/xsxsmax', '13.9');
INSERT INTO `product` VALUES ('324201098521', '400/', '2.98');
INSERT INTO `product` VALUES ('324643736893', '11iPhonepromaxpro', '14.8');
INSERT INTO `product` VALUES ('324938427639', '2022', '86.99');
INSERT INTO `product` VALUES ('325044646288', '', '5.86');
INSERT INTO `product` VALUES ('325155287460', '12iPhone12propromaxmini', '14.8');
INSERT INTO `product` VALUES ('325420801130', 'ins', '44.8');
INSERT INTO `product` VALUES ('325548425189', '', '10.88');
INSERT INTO `product` VALUES ('325903120375', '1', '24.32');
INSERT INTO `product` VALUES ('325970261411', '', '5.8');
INSERT INTO `product` VALUES ('325970481651', '', '3.5');
INSERT INTO `product` VALUES ('326118603057', 'A4', '5');
INSERT INTO `product` VALUES ('326158459327', '2022PU', '105');
INSERT INTO `product` VALUES ('326162443859', '-400', '26.9');
INSERT INTO `product` VALUES ('326164201729', 'ins2022', '68.31');
INSERT INTO `product` VALUES ('326905902256', 'V', '29.6');
INSERT INTO `product` VALUES ('327257891461', '', '4.59');
INSERT INTO `product` VALUES ('327855753789', '2022', '39.8');
INSERT INTO `product` VALUES ('328382538046', '100 ', '18.9');
INSERT INTO `product` VALUES ('328655767983', '', '8.88');
INSERT INTO `product` VALUES ('329272948500', '', '59');
INSERT INTO `product` VALUES ('329375909941', '', '4.18');
INSERT INTO `product` VALUES ('329465426830', '', '5.8');
INSERT INTO `product` VALUES ('329730084269', '', '5.88');
INSERT INTO `product` VALUES ('329909605899', '2022', '68');
INSERT INTO `product` VALUES ('330057976904', '113', '12.8');
INSERT INTO `product` VALUES ('330242914676', '6', '35.94');
INSERT INTO `product` VALUES ('330281625604', '', '58');
INSERT INTO `product` VALUES ('330692587165', '', '5.8');
INSERT INTO `product` VALUES ('331034185331', '2.84.5350g', '26.8');
INSERT INTO `product` VALUES ('331688069571', '', '9.9');
INSERT INTO `product` VALUES ('331707649375', '4.58.5', '36.8');
INSERT INTO `product` VALUES ('331723245907', '120g4.58.5', '21.9');
INSERT INTO `product` VALUES ('331939202591', '2022', '29.6');
INSERT INTO `product` VALUES ('332152528942', '', '7');
INSERT INTO `product` VALUES ('332174206071', '5420', '33.9');
INSERT INTO `product` VALUES ('332848028192', '61000008.55', '6');
INSERT INTO `product` VALUES ('332900990373', '', '2');
INSERT INTO `product` VALUES ('333271871507', '', '19.9');
INSERT INTO `product` VALUES ('333329777426', '100%', '7.9');
INSERT INTO `product` VALUES ('333411541501', '', '59');
INSERT INTO `product` VALUES ('333745292212', '2022', '59');
INSERT INTO `product` VALUES ('333758276294', '2022', '69');
INSERT INTO `product` VALUES ('334045482900', '21', '8.6');
INSERT INTO `product` VALUES ('334205484476', '', '8.88');
INSERT INTO `product` VALUES ('335157017981', '', '169');
INSERT INTO `product` VALUES ('335690979487', 'T', '12.99');
INSERT INTO `product` VALUES ('335895349414', ' ', '3.5');
INSERT INTO `product` VALUES ('335969527650', '60', '16.9');
INSERT INTO `product` VALUES ('336810495395', '', '4.55');
INSERT INTO `product` VALUES ('337174397811', '892022', '57.99');
INSERT INTO `product` VALUES ('337521225943', 'ins2022', '89');
INSERT INTO `product` VALUES ('338306399516', '', '4.7');
INSERT INTO `product` VALUES ('338364929681', '', '2.72');
INSERT INTO `product` VALUES ('338547012626', '', '3.83');
INSERT INTO `product` VALUES ('338916900519', ' 2022', '97.99');
INSERT INTO `product` VALUES ('338968823897', '50D', '0.47');
INSERT INTO `product` VALUES ('339687047238', '18932229', '189');
INSERT INTO `product` VALUES ('340560359188', '', '6.99');
INSERT INTO `product` VALUES ('341004174401', '2110000025', '21');
INSERT INTO `product` VALUES ('341898436854', '', '68.56');
INSERT INTO `product` VALUES ('342861504922', '', '84');
INSERT INTO `product` VALUES ('343394698043', 'eec ', '99');
INSERT INTO `product` VALUES ('343897538343', '', '79');
INSERT INTO `product` VALUES ('344216762341', '', '69');
INSERT INTO `product` VALUES ('344533749385', '2022ins', '1.58');
INSERT INTO `product` VALUES ('344605707045', '2022', '69');
INSERT INTO `product` VALUES ('345504317631', 'pe', '9.31');
INSERT INTO `product` VALUES ('345522073697', '', '7.14');
INSERT INTO `product` VALUES ('345933954764', '', '2.88');
INSERT INTO `product` VALUES ('346349289505', '', '6.9');
INSERT INTO `product` VALUES ('346710651822', '', '5.88');
INSERT INTO `product` VALUES ('346754425671', 'OTGtypecusbU', '16.8');
INSERT INTO `product` VALUES ('346775975252', '', '18.98');
INSERT INTO `product` VALUES ('347071993995', '', '5.88');
INSERT INTO `product` VALUES ('347130575186', '', '5.88');
INSERT INTO `product` VALUES ('347150604259', '', '3.09');
INSERT INTO `product` VALUES ('347189344378', ' ', '87.99');
INSERT INTO `product` VALUES ('347297476117', ' 2022', '98');
INSERT INTO `product` VALUES ('347309651544', ' ', '98');
INSERT INTO `product` VALUES ('347314275171', '', '15.16');
INSERT INTO `product` VALUES ('347549273757', '', '3.99');
INSERT INTO `product` VALUES ('347663647856', '', '4.88');
INSERT INTO `product` VALUES ('348080892467', '', '6.8');
INSERT INTO `product` VALUES ('348088046099', '', '8.9');
INSERT INTO `product` VALUES ('348496453696', '', '7.9');
INSERT INTO `product` VALUES ('348996878009', '', '8.9');
INSERT INTO `product` VALUES ('350677432305', '6', '39.9');
INSERT INTO `product` VALUES ('351102381550', '75', '10.8');
INSERT INTO `product` VALUES ('351187483588', '', '4.88');
INSERT INTO `product` VALUES ('352032723926', '', '23.8');
INSERT INTO `product` VALUES ('353267027007', '7575112', '10');
INSERT INTO `product` VALUES ('354169740267', '', '5.88');
INSERT INTO `product` VALUES ('354534544215', '', '5.88');
INSERT INTO `product` VALUES ('354580706537', '', '48');
INSERT INTO `product` VALUES ('355556928216', '', '143');
INSERT INTO `product` VALUES ('356386495007', '60ml', '39');
INSERT INTO `product` VALUES ('356708300005', '', '21');
INSERT INTO `product` VALUES ('356804192953', '', '39.45');
INSERT INTO `product` VALUES ('357098955948', '', '7.8');
INSERT INTO `product` VALUES ('357197196473', '75%75', '3.63');
INSERT INTO `product` VALUES ('357348077210', '', '69');
INSERT INTO `product` VALUES ('357360727504', '', '69');
INSERT INTO `product` VALUES ('357384362493', '', '69');
INSERT INTO `product` VALUES ('357520345911', '', '21.35');
INSERT INTO `product` VALUES ('357891390608', '', '16.93');
INSERT INTO `product` VALUES ('358991078167', '', '88');
INSERT INTO `product` VALUES ('359118207424', '', '5.8');
INSERT INTO `product` VALUES ('359339468468', '', '10.9');
INSERT INTO `product` VALUES ('359345883885', '', '37.71');
INSERT INTO `product` VALUES ('359351473348', '482436', '21.88');
INSERT INTO `product` VALUES ('359563362905', 'polo', '58');
INSERT INTO `product` VALUES ('359627300890', '', '6.8');
INSERT INTO `product` VALUES ('359692247245', '7575%', '8');
INSERT INTO `product` VALUES ('359700866955', '75112', '8.63');
INSERT INTO `product` VALUES ('360397649615', '', '6.88');
INSERT INTO `product` VALUES ('360917169868', '', '9.9');
INSERT INTO `product` VALUES ('360927525442', 'led220v', '9.9');
INSERT INTO `product` VALUES ('361023182918', '55', '29.9');
INSERT INTO `product` VALUES ('361086530601', '55', '39.9');
INSERT INTO `product` VALUES ('361348168916', '110m', '29.9');
INSERT INTO `product` VALUES ('361497220454', '110m', '16.91');
INSERT INTO `product` VALUES ('361702524086', '', '52.9');
INSERT INTO `product` VALUES ('361732741772', '55', '25.9');
INSERT INTO `product` VALUES ('362626575913', '', '10.9');
INSERT INTO `product` VALUES ('363089600077', '', '22.88');
INSERT INTO `product` VALUES ('365729315452', '', '10.88');
INSERT INTO `product` VALUES ('365850331477', 'pe', '9.17');
INSERT INTO `product` VALUES ('365909785496', '', '7.83');
INSERT INTO `product` VALUES ('365915453958', '8', '16.9');
INSERT INTO `product` VALUES ('366966773227', '', '21');
INSERT INTO `product` VALUES ('367640668353', '', '24.65');
INSERT INTO `product` VALUES ('367783331055', '', '5.88');
INSERT INTO `product` VALUES ('368843831825', '', '2.2');
INSERT INTO `product` VALUES ('368989562744', '', '3.6');
INSERT INTO `product` VALUES ('370281995176', '', '249');
INSERT INTO `product` VALUES ('370628598461', '7575%', '25.8');
INSERT INTO `product` VALUES ('371983230327', '2022', '16.13');
INSERT INTO `product` VALUES ('372101303049', '', '39.54');
INSERT INTO `product` VALUES ('372171783201', '20', '29.6');
INSERT INTO `product` VALUES ('372172743292', '', '16.9');
INSERT INTO `product` VALUES ('372614323605', '', '216.21');
INSERT INTO `product` VALUES ('373249536280', 'ins ', '29.8');
INSERT INTO `product` VALUES ('373259052373', '', '1.58');
INSERT INTO `product` VALUES ('374152200382', '', '20.92');
INSERT INTO `product` VALUES ('374352357067', '', '15');
INSERT INTO `product` VALUES ('374792276588', '', '5.8');
INSERT INTO `product` VALUES ('375322607254', 'ins', '15.8');
INSERT INTO `product` VALUES ('377382527187', '3/4.5/8.5', '13.5');
INSERT INTO `product` VALUES ('378629549104', '2022', '178');
INSERT INTO `product` VALUES ('379079789650', '5614', '18.9');
INSERT INTO `product` VALUES ('379659556684', '2022', '39.79');
INSERT INTO `product` VALUES ('380156679383', '2022', '34.5');
INSERT INTO `product` VALUES ('380855796261', '', '16.8');
INSERT INTO `product` VALUES ('381162889092', '2022', '42.5');
INSERT INTO `product` VALUES ('384307587090', 'ins', '29.82');
INSERT INTO `product` VALUES ('384318493376', 'ins', '29.9');
INSERT INTO `product` VALUES ('384325139806', 'ins', '32.65');
INSERT INTO `product` VALUES ('385136937333', '', '161');
INSERT INTO `product` VALUES ('385604904728', '', '16.9');
INSERT INTO `product` VALUES ('386081886123', '1000g', '18.8');
INSERT INTO `product` VALUES ('388435990281', '1215', '5.82');
INSERT INTO `product` VALUES ('389017972047', '', '118.8');
INSERT INTO `product` VALUES ('389066878833', '', '160');
INSERT INTO `product` VALUES ('389277215715', '', '120');
INSERT INTO `product` VALUES ('389401438238', 'ins', '29.68');
INSERT INTO `product` VALUES ('390938047544', '2023diy', '16.8');
INSERT INTO `product` VALUES ('390962359281', '5280g', '20.2');
INSERT INTO `product` VALUES ('392141926838', '', '23.9');
INSERT INTO `product` VALUES ('393076346135', '2022', '89.89');
INSERT INTO `product` VALUES ('394734529035', 'A4', '0.5');
INSERT INTO `product` VALUES ('395023329646', 'BB', '139');
INSERT INTO `product` VALUES ('395033524880', 'spb', '89');
INSERT INTO `product` VALUES ('395210634955', '2022', '29.8');
INSERT INTO `product` VALUES ('395977052499', '', '121');
INSERT INTO `product` VALUES ('396246298238', '2022', '29.8');
INSERT INTO `product` VALUES ('397318633952', '', '14.9');
INSERT INTO `product` VALUES ('397349260183', '', '10.36');
INSERT INTO `product` VALUES ('399079883734', '2023diy', '5.8');
INSERT INTO `product` VALUES ('399831127146', '2022mm', '36.12');
INSERT INTO `product` VALUES ('399870074525', '2022', '45.8');
INSERT INTO `product` VALUES ('400763159907', '', '6.9');
INSERT INTO `product` VALUES ('400891539363', '', '6.01');
INSERT INTO `product` VALUES ('402842329141', '4.7', '21.9');
INSERT INTO `product` VALUES ('404329637591', '2022', '148');
INSERT INTO `product` VALUES ('404415438008', '', '17');
INSERT INTO `product` VALUES ('405545244702', '2022', '108');
INSERT INTO `product` VALUES ('405869593030', '', '38.79');
INSERT INTO `product` VALUES ('406416306080', '54.5140g', '31.8');
INSERT INTO `product` VALUES ('406503158259', '', '9.68');
INSERT INTO `product` VALUES ('408080807480', '', '69');
INSERT INTO `product` VALUES ('409652438197', '', '23.8');
INSERT INTO `product` VALUES ('410085099985', '', '28.8');
INSERT INTO `product` VALUES ('410140430606', '', '27');
INSERT INTO `product` VALUES ('410213379491', '384.8', '27.9');
INSERT INTO `product` VALUES ('411717799872', '15/100', '26');
INSERT INTO `product` VALUES ('411976901367', 'S2-sewifi4g', '84');
INSERT INTO `product` VALUES ('412393951155', '', '24.9');
INSERT INTO `product` VALUES ('415306268491', '2022', '178');
INSERT INTO `product` VALUES ('415621537818', ' 100 ', '6.3');
INSERT INTO `product` VALUES ('415657528251', '+', '14.91');
INSERT INTO `product` VALUES ('416314432944', '', '13.9');
INSERT INTO `product` VALUES ('416326234713', '', '13.9');
INSERT INTO `product` VALUES ('416354423652', '86usb6C', '4.64');
INSERT INTO `product` VALUES ('416587573526', '86usb56M16a', '3.85');
INSERT INTO `product` VALUES ('416594730941', '3.19999554.98616AUSB6M', '3.19');
INSERT INTO `product` VALUES ('416621815174', '100/500', '5.88');
INSERT INTO `product` VALUES ('417079113873', '', '12.09');
INSERT INTO `product` VALUES ('417681809940', ' 1.5L+', '89');
INSERT INTO `product` VALUES ('417740824694', '', '13.68');
INSERT INTO `product` VALUES ('418028747168', '3/5/9', '15.8');
INSERT INTO `product` VALUES ('418252889036', '7.431000009.9NBE720A1P2P3', '7.43');
INSERT INTO `product` VALUES ('418258705384', '11.7899998381P2PNB6', '11.78');
INSERT INTO `product` VALUES ('418268781590', '3.11999973.88NXBDZ47', '3.11');
INSERT INTO `product` VALUES ('418974120205', '3P2P32A63A', '22.7');
INSERT INTO `product` VALUES ('418988094235', '29.9310000039.9NBE72P63A', '29.93');
INSERT INTO `product` VALUES ('418994716237', '2022', '215');
INSERT INTO `product` VALUES ('419134694952', '', '16.9');
INSERT INTO `product` VALUES ('419464124105', '2022', '178');
INSERT INTO `product` VALUES ('419678715754', '', '1.01');
INSERT INTO `product` VALUES ('419875407890', 'V2022a', '218');
INSERT INTO `product` VALUES ('420039688988', '2022', '188');
INSERT INTO `product` VALUES ('420146288796', '4.64999977.72866C', '4.64');
INSERT INTO `product` VALUES ('420339880883', '', '5.8');
INSERT INTO `product` VALUES ('420357606364', '2022', '188');
INSERT INTO `product` VALUES ('420446192439', '2022a', '188');
INSERT INTO `product` VALUES ('420568827730', '', '5.88');
INSERT INTO `product` VALUES ('420825129076', '10A86', '3.46');
INSERT INTO `product` VALUES ('421058812404', '', '99');
INSERT INTO `product` VALUES ('422081427821', '', '16.9');
INSERT INTO `product` VALUES ('422418958418', '2022', '166');
INSERT INTO `product` VALUES ('422658899741', '55.265mm', '14.5');
INSERT INTO `product` VALUES ('423701745802', 'K6XUSB84112', '52.99');
INSERT INTO `product` VALUES ('424021812657', '', '69');
INSERT INTO `product` VALUES ('424364458970', '', '29.9');
INSERT INTO `product` VALUES ('424378648462', '3D', '1.68');
INSERT INTO `product` VALUES ('424638121807', '', '129');
INSERT INTO `product` VALUES ('425436646019', '', '98');
INSERT INTO `product` VALUES ('425623919938', '4.7', '26.9');
INSERT INTO `product` VALUES ('425791743503', '4.5', '40.8');
INSERT INTO `product` VALUES ('426046354610', '3', '14.9');
INSERT INTO `product` VALUES ('426262513532', '5/960', '33.2');
INSERT INTO `product` VALUES ('426486236575', '', '16.72');
INSERT INTO `product` VALUES ('426592048344', '2023', '9.8');
INSERT INTO `product` VALUES ('426808738043', '', '21');
INSERT INTO `product` VALUES ('427055592059', '2023', '2.46');
INSERT INTO `product` VALUES ('427644381120', '4.7', '24.5');
INSERT INTO `product` VALUES ('428194788512', '2022', '188');
INSERT INTO `product` VALUES ('429087807725', '', '5.58');
INSERT INTO `product` VALUES ('429723182826', '', '6.7');
INSERT INTO `product` VALUES ('429986765919', '2023', '4.6');
INSERT INTO `product` VALUES ('430037794495', '', '156.75');
INSERT INTO `product` VALUES ('430363822854', '2022', '208');
INSERT INTO `product` VALUES ('430436761938', '357g', '98.6');
INSERT INTO `product` VALUES ('431035590440', '', '55');
INSERT INTO `product` VALUES ('431072606477', '2023', '9.9');
INSERT INTO `product` VALUES ('432558840547', '2023', '6.7');
INSERT INTO `product` VALUES ('433168495598', '', '5.58');
INSERT INTO `product` VALUES ('435950921362', '5573mm', '19.5');
INSERT INTO `product` VALUES ('436668205888', '', '4.89');