CREATE DATABASE IF NOT EXISTS jtp_vivo_warehouse;
USE jtp_vivo_warehouse;

-- 用户信息表 vivo_user_info
CREATE TABLE IF NOT EXISTS jtp_vivo_warehouse.vivo_user_info
(
    user_id          VARCHAR(255) PRIMARY KEY COMMENT "用户ID",
    register_date    DATE COMMENT "注册日期",
    age              INT COMMENT "年龄",
    gender           VARCHAR(10) COMMENT "性别",
    vip_level        INT COMMENT "VIP等级",
    vip_expire_date  DATE COMMENT "VIP到期日",
    phone_brand      VARCHAR(100) COMMENT "手机品牌",
    phone_model      VARCHAR(100) COMMENT "手机型号",
    os_version       VARCHAR(50) COMMENT "系统版本",
    first_login_date DATE COMMENT "首次登录日期",
    last_login_date  DATE COMMENT "最后登录日期",
    province         VARCHAR(100) COMMENT "省份",
    city             VARCHAR(100) COMMENT "城市",
    district         VARCHAR(100) COMMENT "区县",
    is_active        TINYINT(1) COMMENT "是否活跃用户 (0:否, 1:是)",
    user_tag         JSON COMMENT "用户标签",
    update_time      DATETIME COMMENT "更新时间"
) COMMENT "用户信息表";

-- 模拟数据 (20条)
INSERT INTO jtp_vivo_warehouse.vivo_user_info (user_id, register_date, age, gender, vip_level, vip_expire_date,
                                               phone_brand, phone_model,
                                               os_version, first_login_date, last_login_date, province, city, district,
                                               is_active,
                                               user_tag, update_time)
VALUES ("U001", "2022-01-15", 28, "男", 3, "2025-01-15", "vivo", "X90 Pro+", "OriginOS 3", "2022-01-15", CURRENT_DATE(),
        "广东省", "广州市", "天河区", 1, JSON_ARRAY("科技爱好者", "摄影达人"), NOW()),
       ("U002", "2022-03-01", 35, "女", 5, "2026-03-01", "vivo", "X80 Pro", "OriginOS Ocean", "2022-03-01",
        CURRENT_DATE(), "上海市", "上海市", "浦东新区", 1, JSON_ARRAY("商务精英", "时尚潮人"), NOW()),
       ("U003", "2021-07-20", 42, "男", 0, NULL, "vivo", "iQOO 11 Pro", "OriginOS 3", "2021-07-20", CURRENT_DATE(),
        "北京市", "北京市", "海淀区", 1, JSON_ARRAY("游戏玩家", "性能控"), NOW()),
       ("U004", "2023-05-10", 22, "女", 1, "2024-11-10", "vivo", "S16 Pro", "OriginOS Ocean", "2023-05-10",
        CURRENT_DATE(), "四川省", "成都市", "武侯区", 1, JSON_ARRAY("学生党", "追剧达人"), NOW()),
       ("U005", "2020-11-05", 50, "男", 4, "2025-11-05", "vivo", "X Fold2", "OriginOS 3", "2020-11-05", CURRENT_DATE(),
        "江苏省", "南京市", "玄武区", 1, JSON_ARRAY("商务人士", "折叠屏尝鲜"), NOW()),
       ("U006", "2024-01-01", 19, "女", 0, NULL, "vivo", "Y78+", "OriginOS Ocean", "2024-01-01", CURRENT_DATE(),
        "湖北省", "武汉市", "洪山区", 1, JSON_ARRAY("Z世代", "社交活跃"), NOW()),
       ("U007", "2021-09-22", 30, "男", 2, "2024-12-22", "vivo", "NEX 3S", "OriginOS Ocean", "2021-09-22",
        CURRENT_DATE(), "浙江省", "杭州市", "滨江区", 1, JSON_ARRAY("摄影爱好者", "旅行达人"), NOW()),
       ("U008", "2023-02-14", 25, "女", 1, "2024-08-14", "vivo", "X90", "OriginOS 3", "2023-02-14", CURRENT_DATE(),
        "广东省", "深圳市", "南山区", 1, JSON_ARRAY("时尚美妆", "短视频创作者"), NOW()),
       ("U009", "2020-04-01", 48, "男", 5, "2027-04-01", "vivo", "X70 Pro+", "OriginOS Ocean", "2020-04-01",
        CURRENT_DATE(), "山东省", "济南市", "历下区", 1, JSON_ARRAY("企业高管", "高品质生活"), NOW()),
       ("U010", "2024-03-08", 20, "女", 0, NULL, "vivo", "Y36", "OriginOS 3", "2024-03-08", CURRENT_DATE(), "福建省",
        "福州市", "鼓楼区", 1, JSON_ARRAY("学生党", "性价比追求者"), NOW()),
       ("U011", "2022-06-01", 33, "男", 3, "2025-06-01", "vivo", "iQOO Neo7", "OriginOS Ocean", "2022-06-01",
        CURRENT_DATE(), "湖南省", "长沙市", "岳麓区", 1, JSON_ARRAY("手游玩家", "科技发烧友"), NOW()),
       ("U012", "2023-08-18", 29, "女", 1, "2024-10-18", "vivo", "S17", "OriginOS 3", "2023-08-18", CURRENT_DATE(),
        "河南省", "郑州市", "金水区", 1, JSON_ARRAY("职场新人", "美颜自拍"), NOW()),
       ("U013", "2021-01-01", 55, "男", 4, "2026-01-01", "vivo", "X Fold", "OriginOS Ocean", "2021-01-01",
        CURRENT_DATE(), "安徽省", "合肥市", "蜀山区", 1, JSON_ARRAY("商务人士", "高端用户"), NOW()),
       ("U014", "2024-05-20", 21, "女", 0, NULL, "vivo", "Y77", "OriginOS 3", "2024-05-20", CURRENT_DATE(), "江西省",
        "南昌市", "红谷滩区", 1, JSON_ARRAY("学生党", "社交分享"), NOW()),
       ("U015", "2022-09-09", 40, "男", 2, "2024-11-09", "vivo", "X90 Pro", "OriginOS Ocean", "2022-09-09",
        CURRENT_DATE(), "陕西省", "西安市", "雁塔区", 1, JSON_ARRAY("历史文化", "摄影爱好者"), NOW()),
       ("U016", "2023-01-01", 27, "女", 1, "2024-07-01", "vivo", "S16", "OriginOS 3", "2023-01-01", CURRENT_DATE(),
        "重庆市", "重庆市", "渝中区", 1, JSON_ARRAY("时尚穿搭", "美食探店"), NOW()),
       ("U017", "2020-02-20", 60, "男", 5, "2027-02-20", "vivo", "NEX 2", "OriginOS Ocean", "2020-02-20",
        CURRENT_DATE(), "辽宁省", "沈阳市", "和平区", 1, JSON_ARRAY("退休人员", "老年大学"), NOW()),
       ("U018", "2024-04-15", 24, "女", 0, NULL, "vivo", "Y78", "OriginOS 3", "2024-04-15", CURRENT_DATE(), "云南省",
        "昆明市", "盘龙区", 1, JSON_ARRAY("旅游达人", "户外运动"), NOW()),
       ("U019", "2021-11-11", 38, "男", 3, "2025-11-11", "vivo", "iQOO 10 Pro", "OriginOS Ocean", "2021-11-11",
        CURRENT_DATE(), "黑龙江省", "哈尔滨市", "南岗区", 1, JSON_ARRAY("游戏玩家", "数码极客"), NOW()),
       ("U020", "2023-07-07", 31, "女", 2, "2024-09-07", "vivo", "X Fold+", "OriginOS 3", "2023-07-07", CURRENT_DATE(),
        "贵州省", "贵阳市", "观山湖区", 1, JSON_ARRAY("商务人士", "效率工具"), NOW());

-- 设备信息表 vivo_device_info
CREATE TABLE IF NOT EXISTS jtp_vivo_warehouse.vivo_device_info
(
    device_id        VARCHAR(255) PRIMARY KEY COMMENT "设备ID",
    user_id          VARCHAR(255) COMMENT "关联用户ID",
    device_type      VARCHAR(50) COMMENT "设备类型(手机/平板/手表)",
    device_model     VARCHAR(100) COMMENT "设备型号",
    manufacture_date DATE COMMENT "生产日期",
    purchase_date    DATE COMMENT "购买日期",
    screen_size      FLOAT COMMENT "屏幕尺寸(英寸)",
    resolution       VARCHAR(50) COMMENT "屏幕分辨率",
    memory_size      INT COMMENT "内存大小(GB)",
    storage_size     INT COMMENT "存储大小(GB)",
    os_type          VARCHAR(50) COMMENT "操作系统类型",
    os_version       VARCHAR(50) COMMENT "操作系统版本",
    network_type     VARCHAR(50) COMMENT "主要网络类型",
    is_rooted        TINYINT(1) COMMENT "是否root (0:否, 1:是)",
    update_time      DATETIME COMMENT "更新时间"
) COMMENT "设备信息表";

-- 模拟数据 (25条,关联到vivo_user_info)
INSERT INTO jtp_vivo_warehouse.vivo_device_info (device_id, user_id, device_type, device_model, manufacture_date,
                                                 purchase_date,
                                                 screen_size, resolution, memory_size, storage_size, os_type,
                                                 os_version, network_type,
                                                 is_rooted, update_time)
VALUES ("D001", "U001", "手机", "X90 Pro+", "2022-10-01", "2022-11-15", 6.78, "3200x1440", 12, 512, "Android",
        "OriginOS 3", "5G", 0, NOW()),
       ("D002", "U002", "手机", "X80 Pro", "2022-03-01", "2022-04-01", 6.78, "3200x1440", 12, 256, "Android",
        "OriginOS Ocean", "5G", 0, NOW()),
       ("D003", "U003", "手机", "iQOO 11 Pro", "2022-12-01", "2023-01-01", 6.78, "3200x1440", 16, 512, "Android",
        "OriginOS 3", "5G", 1, NOW()),
       ("D004", "U004", "手机", "S16 Pro", "2023-01-01", "2023-02-01", 6.78, "2400x1080", 12, 256, "Android",
        "OriginOS Ocean", "5G", 0, NOW()),
       ("D005", "U005", "手机", "X Fold2", "2023-04-01", "2023-05-01", 8.03, "2160x1916", 12, 512, "Android",
        "OriginOS 3", "5G", 0, NOW()),
       ("D006", "U006", "手机", "Y78+", "2023-03-01", "2023-04-01", 6.78, "2400x1080", 8, 128, "Android",
        "OriginOS Ocean", "4G", 0, NOW()),
       ("D007", "U007", "手机", "NEX 3S", "2020-03-01", "2020-04-01", 6.89, "2400x1080", 12, 256, "Android",
        "OriginOS Ocean", "5G", 0, NOW()),
       ("D008", "U008", "手机", "X90", "2022-11-01", "2022-12-01", 6.78, "2800x1260", 8, 128, "Android", "OriginOS 3",
        "5G", 0, NOW()),
       ("D009", "U009", "手机", "X70 Pro+", "2021-09-01", "2021-10-01", 6.78, "3200x1440", 12, 512, "Android",
        "OriginOS Ocean", "5G", 0, NOW()),
       ("D010", "U010", "手机", "Y36", "2023-05-01", "2023-06-01", 6.64, "2388x1080", 8, 256, "Android", "OriginOS 3",
        "4G", 0, NOW()),
       ("D011", "U011", "手机", "iQOO Neo7", "2022-10-01", "2022-11-01", 6.78, "2400x1080", 12, 256, "Android",
        "OriginOS Ocean", "5G", 1, NOW()),
       ("D012", "U012", "手机", "S17", "2023-05-01", "2023-06-01", 6.78, "2400x1080", 8, 128, "Android", "OriginOS 3",
        "5G", 0, NOW()),
       ("D013", "U013", "手机", "X Fold", "2022-04-01", "2022-05-01", 8.03, "2160x1916", 12, 256, "Android",
        "OriginOS Ocean", "5G", 0, NOW()),
       ("D014", "U014", "手机", "Y77", "2022-07-01", "2022-08-01", 6.58, "2408x1080", 8, 128, "Android", "OriginOS 3",
        "4G", 0, NOW()),
       ("D015", "U015", "手机", "X90 Pro", "2022-11-01", "2022-12-01", 6.78, "2800x1260", 12, 256, "Android",
        "OriginOS Ocean", "5G", 0, NOW()),
       ("D016", "U016", "手机", "S16", "2022-12-01", "2023-01-01", 6.78, "2400x1080", 8, 128, "Android", "OriginOS 3",
        "5G", 0, NOW()),
       ("D017", "U017", "手机", "NEX 2", "2018-12-01", "2019-01-01", 6.39, "2340x1080", 8, 128, "Android",
        "OriginOS Ocean", "4G", 0, NOW()),
       ("D018", "U018", "手机", "Y78", "2023-05-01", "2023-06-01", 6.78, "2400x1080", 8, 128, "Android", "OriginOS 3",
        "4G", 0, NOW()),
       ("D019", "U019", "手机", "iQOO 10 Pro", "2022-07-01", "2022-08-01", 6.78, "3200x1440", 12, 512, "Android",
        "OriginOS Ocean", "5G", 1, NOW()),
       ("D020", "U020", "手机", "X Fold+", "2022-09-01", "2022-10-01", 8.03, "2160x1916", 12, 512, "Android",
        "OriginOS 3", "5G", 0, NOW()),
       ("D021", "U001", "平板", "vivo Pad", "2022-03-01", "2022-04-01", 11.0, "2560x1600", 8, 128, "Android",
        "OriginOS HD", "Wi-Fi", 0, NOW()),
       ("D022", "U002", "手表", "vivo Watch 2", "2021-12-01", "2022-01-01", 1.43, "466x466", 1, 4, "Android", "RTOS",
        "蓝牙", 0, NOW()),
       ("D023", "U003", "平板", "vivo Pad2", "2023-04-01", "2023-05-01", 12.1, "2800x1968", 12, 256, "Android",
        "OriginOS HD", "Wi-Fi", 0, NOW()),
       ("D024", "U004", "手机", "Y35", "2022-07-01", "2022-08-01", 6.58, "2408x1080", 8, 128, "Android", "OriginOS 3",
        "4G", 0, NOW()),
       ("D025", "U005", "手机", "X Flip", "2023-04-01", "2023-05-01", 6.74, "2520x1080", 12, 256, "Android",
        "OriginOS 3", "5G", 0, NOW());

-- 应用信息表 vivo_app_info
CREATE TABLE IF NOT EXISTS jtp_vivo_warehouse.vivo_app_info
(
    app_id           VARCHAR(255) PRIMARY KEY COMMENT "应用ID",
    app_name         VARCHAR(255) COMMENT "应用名称",
    app_category     VARCHAR(100) COMMENT "应用分类",
    app_subcategory  VARCHAR(100) COMMENT "应用子分类",
    developer        VARCHAR(255) COMMENT "开发者",
    publish_date     DATE COMMENT "发布日期",
    is_official      TINYINT(1) COMMENT "是否官方应用 (0:否, 1:是)",
    is_preinstalled  TINYINT(1) COMMENT "是否预装应用 (0:否, 1:是)",
    min_os_version   VARCHAR(50) COMMENT "最低支持系统版本",
    price            DECIMAL(10, 2) COMMENT "价格",
    avg_rating       FLOAT COMMENT "平均评分",
    download_count   BIGINT COMMENT "下载量",
    update_frequency VARCHAR(50) COMMENT "更新频率(高频/中频/低频)",
    last_update_date DATE COMMENT "最后更新日期",
    description      TEXT COMMENT "应用描述",
    update_time      DATETIME COMMENT "更新时间"
) COMMENT "应用信息表";

-- 模拟数据 (20条)
INSERT INTO vivo_app_info (app_id, app_name, app_category, app_subcategory, developer, publish_date, is_official,
                           is_preinstalled, min_os_version, price, avg_rating, download_count, update_frequency,
                           last_update_date, description, update_time)
VALUES ("APP001", "vivo应用商店", "系统工具", "应用管理", "vivo", "2015-01-01", 1, 1, "Android 5.0", 0.00, 4.8,
        5000000000, "高频", CURRENT_DATE(), "vivo官方应用商店,提供海量应用下载。", NOW()),
       ("APP002", "vivo浏览器", "系统工具", "网页浏览", "vivo", "2016-03-10", 1, 1, "Android 6.0", 0.00, 4.5,
        3000000000, "中频", CURRENT_DATE(), "vivo官方浏览器,快速安全。", NOW()),
       ("APP003", "王者荣耀", "游戏", "MOBA", "腾讯游戏", "2015-11-26", 0, 0, "Android 4.4", 0.00, 4.7, 10000000000,
        "高频", CURRENT_DATE(), "国民级MOBA手游。", NOW()),
       ("APP004", "抖音", "影音娱乐", "短视频", "字节跳动", "2016-09-01", 0, 0, "Android 5.0", 0.00, 4.6, 8000000000,
        "高频", CURRENT_DATE(), "记录美好生活。", NOW()),
       ("APP005", "微信", "社交", "即时通讯", "腾讯", "2011-01-21", 0, 0, "Android 4.0", 0.00, 4.9, 12000000000, "高频",
        CURRENT_DATE(), "国民级社交应用。", NOW()),
       ("APP006", "支付宝", "金融理财", "移动支付", "蚂蚁金服", "2004-12-08", 0, 0, "Android 4.0", 0.00, 4.8,
        9000000000, "高频", CURRENT_DATE(), "生活好,支付宝。", NOW()),
       ("APP007", "高德地图", "出行导航", "地图导航", "高德软件", "2009-08-01", 0, 0, "Android 4.1", 0.00, 4.7,
        6000000000, "中频", CURRENT_DATE(), "专业导航,精准定位。", NOW()),
       ("APP008", "美图秀秀", "摄影图像", "图片编辑", "美图公司", "2008-10-01", 0, 0, "Android 4.0", 0.00, 4.5,
        4000000000, "中频", CURRENT_DATE(), "一键美颜,轻松修图。", NOW()),
       ("APP009", "爱奇艺", "影音娱乐", "长视频", "爱奇艺", "2010-04-22", 0, 0, "Android 4.1", 0.00, 4.4, 3500000000,
        "高频", CURRENT_DATE(), "悦享品质。", NOW()),
       ("APP010", "知乎", "新闻阅读", "知识问答", "知乎", "2011-01-26", 0, 0, "Android 4.2", 0.00, 4.6, 1500000000,
        "中频", CURRENT_DATE(), "有问题,上知乎。", NOW()),
       ("APP011", "淘宝", "购物", "电商", "阿里巴巴", "2003-05-10", 0, 0, "Android 4.0", 0.00, 4.7, 11000000000, "高频",
        CURRENT_DATE(), "淘,我喜欢。", NOW()),
       ("APP012", "京东", "购物", "电商", "京东", "2010-04-01", 0, 0, "Android 4.1", 0.00, 4.6, 7000000000, "高频",
        CURRENT_DATE(), "多快好省。", NOW()),
       ("APP013", "网易云音乐", "影音娱乐", "音乐播放", "网易", "2013-04-23", 0, 0, "Android 4.2", 0.00, 4.8,
        2500000000, "高频", CURRENT_DATE(), "听见好时光。", NOW()),
       ("APP014", "哔哩哔哩", "影音娱乐", "弹幕视频", "B站", "2009-06-26", 0, 0, "Android 4.4", 0.00, 4.9, 3000000000,
        "高频", CURRENT_DATE(), "年轻人的潮流文化娱乐社区。", NOW()),
       ("APP015", "钉钉", "商务办公", "协同办公", "阿里巴巴", "2014-12-01", 0, 0, "Android 4.0", 0.00, 4.5, 1000000000,
        "高频", CURRENT_DATE(), "让工作更简单。", NOW()),
       ("APP016", "饿了么", "生活服务", "外卖订餐", "饿了么", "2008-01-01", 0, 0, "Android 4.0", 0.00, 4.6, 2000000000,
        "高频", CURRENT_DATE(), "饿了么,准时达。", NOW()),
       ("APP017", "携程旅行", "出行导航", "旅游出行", "携程", "2000-01-01", 0, 0, "Android 4.0", 0.00, 4.7, 1800000000,
        "中频", CURRENT_DATE(), "一站式旅行服务平台。", NOW()),
       ("APP018", "Keep", "健康运动", "健身", "Keep", "2015-02-01", 0, 0, "Android 4.4", 0.00, 4.8, 800000000, "中频",
        CURRENT_DATE(), "自律给我自由。", NOW()),
       ("APP019", "小红书", "社交", "生活分享", "行吟信息科技", "2013-12-01", 0, 0, "Android 5.0", 0.00, 4.7,
        1500000000, "高频", CURRENT_DATE(), "标记我的生活。", NOW()),
       ("APP020", "菜鸟裹裹", "生活服务", "快递物流", "菜鸟网络", "2015-05-01", 0, 0, "Android 4.4", 0.00, 4.5,
        900000000, "高频", CURRENT_DATE(), "查快递,寄快递。", NOW());

-- 地理位置信息表 vivo_geography_info
CREATE TABLE IF NOT EXISTS jtp_vivo_warehouse.vivo_geography_info
(
    location_id        VARCHAR(255) PRIMARY KEY COMMENT "位置ID",
    country            VARCHAR(100) COMMENT "国家",
    province           VARCHAR(100) COMMENT "省份",
    city               VARCHAR(100) COMMENT "城市",
    district           VARCHAR(100) COMMENT "区县",
    longitude          DECIMAL(10, 6) COMMENT "经度",
    latitude           DECIMAL(10, 6) COMMENT "纬度",
    timezone           VARCHAR(50) COMMENT "时区",
    gdp                DECIMAL(15, 2) COMMENT "GDP(亿元)",
    population         BIGINT COMMENT "人口数量",
    is_first_tier_city TINYINT(1) COMMENT "是否一线城市 (0:否, 1:是)",
    is_tourist_city    TINYINT(1) COMMENT "是否旅游城市 (0:否, 1:是)",
    development_level  VARCHAR(50) COMMENT "发展水平(发达/发展中/欠发达)",
    update_time        DATETIME COMMENT "更新时间"
) COMMENT "地理位置信息表";

-- 模拟数据 (15条)
INSERT INTO jtp_vivo_warehouse.vivo_geography_info (location_id, country, province, city, district, longitude, latitude,
                                                    timezone, gdp,
                                                    population, is_first_tier_city, is_tourist_city, development_level,
                                                    update_time)
VALUES ("LOC001", "中国", "广东省", "广州市", "天河区", 113.320000, 23.130000, "Asia/Shanghai", 28839.00, 18676600, 1,
        0, "发达", NOW()),
       ("LOC002", "中国", "上海市", "上海市", "浦东新区", 121.470000, 31.230000, "Asia/Shanghai", 44652.80, 26320000, 1,
        0, "发达", NOW()),
       ("LOC003", "中国", "北京市", "北京市", "海淀区", 116.400000, 39.900000, "Asia/Shanghai", 43760.70, 21893000, 1,
        0, "发达", NOW()),
       ("LOC004", "中国", "四川省", "成都市", "武侯区", 104.060000, 30.670000, "Asia/Shanghai", 22074.70, 20937700, 1,
        1, "发展中", NOW()),
       ("LOC005", "中国", "江苏省", "南京市", "玄武区", 118.780000, 32.040000, "Asia/Shanghai", 17421.40, 9491000, 0, 1,
        "发达", NOW()),
       ("LOC006", "中国", "湖北省", "武汉市", "洪山区", 114.300000, 30.580000, "Asia/Shanghai", 18866.40, 12447000, 0,
        0, "发展中", NOW()),
       ("LOC007", "中国", "浙江省", "杭州市", "滨江区", 120.190000, 30.260000, "Asia/Shanghai", 18753.00, 12376000, 1,
        1, "发达", NOW()),
       ("LOC008", "中国", "山东省", "济南市", "历下区", 117.000000, 36.670000, "Asia/Shanghai", 12027.50, 9336100, 0, 0,
        "发展中", NOW()),
       ("LOC009", "中国", "福建省", "福州市", "鼓楼区", 119.300000, 26.080000, "Asia/Shanghai", 12000.00, 8420000, 0, 1,
        "发展中", NOW()),
       ("LOC010", "中国", "湖南省", "长沙市", "岳麓区", 112.980000, 28.190000, "Asia/Shanghai", 13900.00, 10420000, 0,
        0, "发展中", NOW()),
       ("LOC011", "中国", "河南省", "郑州市", "金水区", 113.660000, 34.760000, "Asia/Shanghai", 12935.00, 12600000, 0,
        0, "发展中", NOW()),
       ("LOC012", "中国", "安徽省", "合肥市", "蜀山区", 117.270000, 31.860000, "Asia/Shanghai", 12600.00, 9600000, 0, 0,
        "发展中", NOW()),
       ("LOC013", "中国", "江西省", "南昌市", "红谷滩区", 115.890000, 28.680000, "Asia/Shanghai", 7200.00, 6400000, 0,
        1, "欠发达", NOW()),
       ("LOC014", "中国", "陕西省", "西安市", "雁塔区", 108.950000, 34.270000, "Asia/Shanghai", 12010.00, 12950000, 0,
        1, "发展中", NOW()),
       ("LOC015", "中国", "重庆市", "重庆市", "渝中区", 106.550000, 29.560000, "Asia/Shanghai", 29129.00, 32050000, 1,
        1, "发展中", NOW());



-- 用户行为日志表 vivo_user_behavior_log
CREATE TABLE IF NOT EXISTS jtp_vivo_warehouse.vivo_user_behavior_log
(
    log_id         VARCHAR(255) PRIMARY KEY COMMENT '日志ID',
    user_id        VARCHAR(255) COMMENT '用户ID',
    device_id      VARCHAR(255) COMMENT '设备ID',
    event_time     DATETIME COMMENT '事件时间',
    event_type     VARCHAR(100) COMMENT '事件类型(app_open/app_close/click/page_view/purchase...)',
    event_detail   TEXT COMMENT '事件详情', -- 考虑到事件详情可能较长，使用TEXT
    app_name       VARCHAR(255) COMMENT '应用名称',
    app_version    VARCHAR(50) COMMENT '应用版本',
    os_version     VARCHAR(50) COMMENT '系统版本',
    network_type   VARCHAR(50) COMMENT '网络类型',
    ip_address     VARCHAR(45) COMMENT 'IP地址', -- IPv6地址最长45字符
    province       VARCHAR(100) COMMENT '省份',
    city           VARCHAR(100) COMMENT '城市',
    extra_info     JSON COMMENT '额外信息' -- 使用JSON类型存储键值对
) COMMENT '用户行为日志表';

INSERT INTO jtp_vivo_warehouse.vivo_user_behavior_log (log_id, user_id, device_id, event_time, event_type, event_detail,
                                                       app_name, app_version, os_version, network_type, ip_address,
                                                       province, city, extra_info)
VALUES ('L001', 'U001', 'D001', '2025-07-25 10:00:05', 'app_open', '应用启动', 'vivo应用商店', '10.0.1', 'OriginOS 3',
        '5G', '192.168.1.100', '广东省', '广州市', JSON_OBJECT('entry_point', '桌面图标')),
       ('L002', 'U002', 'D002', '2025-07-25 10:01:30', 'page_view', '浏览应用详情页', '王者荣耀', '1.80.0',
        'OriginOS Ocean', '5G', '192.168.1.101', '上海市', '上海市',
        JSON_OBJECT('page_name', '王者荣耀详情', 'app_id', 'APP003')),
       ('L003', 'U003', 'D003', '2025-07-25 10:02:45', 'click', '点击下载按钮', '抖音', '28.0.0', 'OriginOS 3', '5G',
        '192.168.1.102', '北京市', '北京市', JSON_OBJECT('button_name', '下载', 'app_id', 'APP004')),
       ('L004', 'U004', 'D004', '2025-07-25 10:03:10', 'purchase', '应用内购买', '微信', '8.0.40', 'OriginOS Ocean',
        '5G', '192.168.1.103', '四川省', '成都市', JSON_OBJECT('item_id', 'vip_package_1', 'amount', '19.99')),
       ('L005', 'U005', 'D005', '2025-07-25 10:04:00', 'app_close', '应用关闭', '支付宝', '10.2.60', 'OriginOS 3', '5G',
        '192.168.1.104', '江苏省', '南京市', NULL),
       ('L006', 'U006', 'D006', '2025-07-25 10:05:15', 'page_view', '浏览推荐页', '高德地图', '12.0.0',
        'OriginOS Ocean', '4G', '192.168.1.105', '湖北省', '武汉市', JSON_OBJECT('page_name', '推荐路线')),
       ('L007', 'U007', 'D007', '2025-07-25 10:06:30', 'click', '点击分享按钮', '美图秀秀', '9.8.0', 'OriginOS Ocean',
        '5G', '192.168.1.106', '浙江省', '杭州市', JSON_OBJECT('share_platform', '朋友圈')),
       ('L008', 'U008', 'D008', '2025-07-25 10:07:40', 'app_open', '应用启动', '爱奇艺', '13.5.0', 'OriginOS 3', '5G',
        '192.168.1.107', '广东省', '深圳市', JSON_OBJECT('entry_point', '通知栏')),
       ('L009', 'U009', 'D009', '2025-07-25 10:08:55', 'page_view', '浏览个人中心', '知乎', '8.1.0', 'OriginOS Ocean',
        '5G', '192.168.1.108', '山东省', '济南市', JSON_OBJECT('page_name', '我的主页')),
       ('L010', 'U010', 'D010', '2025-07-25 10:10:00', 'download', '下载应用', '淘宝', '10.20.0', 'OriginOS 3', '4G',
        '192.168.1.109', '福建省', '福州市', JSON_OBJECT('app_id', 'APP011', 'download_speed', '10MB/s'));



