USE gongdan;
-- gongdan_user (用户信息表)
CREATE TABLE IF NOT EXISTS gongdan_user
(
    user_id          VARCHAR(255) COMMENT "用户ID",
    username         VARCHAR(255) COMMENT "用户名",
    nickname         VARCHAR(255) COMMENT "昵称",
    gender           VARCHAR(1) COMMENT "性别(M/F/U)",
    age              INT COMMENT "年龄",
    birthday         VARCHAR(10) COMMENT "生日 (YYYY-MM-DD)",
    register_date    VARCHAR(10) COMMENT "注册日期 (YYYY-MM-DD)",
    register_channel VARCHAR(255) COMMENT "注册渠道",
    vip_level        INT COMMENT "VIP 等级(O-普通用户)",
    vip_expire_date  VARCHAR(10) COMMENT "VIP 到期日期 (YYYY-MM-DD)",
    phone            VARCHAR(20) COMMENT "手机号",
    email            VARCHAR(255) COMMENT "邮箱",
    province         VARCHAR(100) COMMENT "省份",
    city             VARCHAR(100) COMMENT "城市",
    tags JSON COMMENT "用户标签", -- 使用JSON类型存储数组
    is_musician      TINYINT(1) COMMENT "是否音乐人 (0:否, 1:是)",
    musician_level   INT COMMENT "音乐人等级",
    update_time      DATETIME COMMENT "更新时间",
    PRIMARY KEY (user_id)         -- 假设user_id是主键
) COMMENT "用户信息表";

INSERT INTO gongdan_user (user_id, username, nickname, gender, age, birthday, register_date, register_channel,
                          vip_level, vip_expire_date, phone, email, province, city, tags, is_musician, musician_level,
                          update_time)
VALUES ("U001", "zhangsan", "三爷", "M", 28, "1997-05-10", "2020-01-15", "AppStore", 3, "2025-12-31", "13812345678",
        "zhangsan@example.com", "广东", "广州", JSON_ARRAY("科技爱好者", "电影迷"), 0, NULL, CURRENT_TIMESTAMP),
       ("U002", "lisi", "小李飞刀", "F", 22, "2003-08-22", "2021-03-01", "AndroidMarket", 0, NULL, "13987654321",
        "lisi@example.com", "上海", "上海", JSON_ARRAY("流行音乐", "动漫"), 0, NULL, CURRENT_TIMESTAMP),
       ("U003", "wangwu", "音乐小王子", "M", 35, "1990-11-03", "2019-07-20", "Web", 5, "2026-06-30", "13700001111",
        "wangwu@example.com", "北京", "北京", JSON_ARRAY("独立音乐人", "摇滚", "吉他"), 1, 8, CURRENT_TIMESTAMP),
       ("U004", "zhaoliu", "甜心", "F", 19, "2006-02-14", "2022-09-05", "WeChat", 1, "2024-11-15", "13622223333",
        "zhaoliu@example.com", "四川", "成都", JSON_ARRAY("二次元", "美食"), 0, NULL, CURRENT_TIMESTAMP),
       ("U005", "qianqi", "老司机", "M", 45, "1980-01-01", "2018-04-10", "AppStore", 4, "2025-09-30", "13544445555",
        "qianqi@example.com", "江苏", "南京", JSON_ARRAY("经典老歌", "汽车"), 0, NULL, CURRENT_TIMESTAMP),
       ("U006", "sunba", "神秘人", "U", 30, "1995-04-25", "2023-01-01", "QQ", 0, NULL, "13466667777",
        "sunba@example.com", "湖北", "武汉", JSON_ARRAY("电子音乐"), 0, NULL, CURRENT_TIMESTAMP),
       ("U007", "zhoujiu", "嘻哈达人", "M", 26, "1999-09-09", "2021-11-11", "Web", 2, "2025-03-31", "13377778888",
        "zhoujiu@example.com", "湖南", "长沙", JSON_ARRAY("说唱", "街舞"), 1, 5, CURRENT_TIMESTAMP),
       ("U008", "wuxiao", "古风仙女", "F", 24, "2001-07-07", "2022-05-20", "AppStore", 3, "2026-01-31", "13299990000",
        "wuxiao@example.com", "浙江", "杭州", JSON_ARRAY("古风", "民乐"), 0, NULL, CURRENT_TIMESTAMP),
       ("U009", "zhengda", "硬核玩家", "M", 32, "1993-03-12", "2020-08-08", "AndroidMarket", 5, "2027-02-28",
        "13111112222", "zhengda@example.com", "山东", "青岛", JSON_ARRAY("游戏", "重金属"), 0, NULL, CURRENT_TIMESTAMP),
       ("U010", "fengxiao", "治愈系", "F", 29, "1996-10-10", "2023-06-18", "WeChat", 1, "2024-10-31", "13033334444",
        "fengxiao@example.com", "福建", "厦门", JSON_ARRAY("轻音乐", "旅行"), 0, NULL, CURRENT_TIMESTAMP);

-- gongdan_song (歌曲信息表)
CREATE TABLE IF NOT EXISTS gongdan_song
(
    song_id           VARCHAR(255) COMMENT "歌曲ID",
    song_name         VARCHAR(255) COMMENT "歌曲名称",
    song_alias        VARCHAR(255) COMMENT "歌曲别名",
    artist_id         VARCHAR(255) COMMENT "艺人ID",
    artist_name       VARCHAR(255) COMMENT "艺人名称",
    album_id          VARCHAR(255) COMMENT "专辑ID",
    album_name        VARCHAR(255) COMMENT "专辑名称",
    duration          INT COMMENT "时长(秒)",
    language          VARCHAR(100) COMMENT "语言",
    genre             VARCHAR(100) COMMENT "流派",
    publish_date      VARCHAR(10) COMMENT "发行日期 (YYYY-MM-DD)",
    copyright_company VARCHAR(255) COMMENT "版权公司",
    is_original       TINYINT(1) COMMENT "是否原创 (0:否, 1:是)",
    is_high_quality   TINYINT(1) COMMENT "是否高品质 (0:否, 1:是)",
    is_free           TINYINT(1) COMMENT "是否免费 (0:否, 1:是)",
    play_count_total  BIGINT COMMENT "总播放量",
    lyric_count       INT COMMENT "歌词数量",
    comment_count     INT COMMENT "评论数量",
    update_time       DATETIME COMMENT "更新时间",
    PRIMARY KEY (song_id) -- 假设song_id是主键
) COMMENT "歌曲信息表";

INSERT INTO gongdan_song (song_id, song_name, song_alias, artist_id, artist_name, album_id, album_name, duration,
                          language, genre, publish_date, copyright_company, is_original, is_high_quality, is_free,
                          play_count_total, lyric_count, comment_count, update_time)
VALUES ("S001", "追梦人", "Dream Chaser", "A001", "李明", "AL001", "追梦人", 240, "华语", "流行", "2023-01-01",
        "天籁唱片", 1, 1, 0, 15000000, 120, 5000, CURRENT_TIMESTAMP),
       ("S002", "城市之光", "City Light", "A001", "李明", "AL001", "追梦人", 280, "华语", "流行", "2023-01-01",
        "天籁唱片", 1, 1, 1, 10000000, 150, 3000, CURRENT_TIMESTAMP),
       ("S003", "摇滚之心", "Rock Heart", "A002", "张华", "AL002", "城市边缘", 300, "华语", "摇滚", "2022-05-10",
        "独立音乐", 1, 1, 0, 8000000, 180, 2500, CURRENT_TIMESTAMP),
       ("S004", "甜蜜蜜", "Sweet Honey", "A003", "王丽", "AL003", "甜蜜约定", 200, "华语", "流行", "2023-03-20",
        "星光娱乐", 0, 1, 1, 12000000, 100, 4000, CURRENT_TIMESTAMP),
       ("S005", "Midnight Drive", "午夜驾驶", "A004", "John Doe", "AL004", "Urban Groove", 260, "英语", "R&B",
        "2024-01-15", "环球音乐", 1, 1, 0, 7000000, 130, 1500, CURRENT_TIMESTAMP),
       ("S006", "Corcovado", "科尔科瓦多", "A005", "小野丽莎", "AL005", "Quiet Moments", 220, "葡萄牙语", "爵士",
        "2021-11-01", "独立制作", 0, 1, 1, 5000000, 80, 800, CURRENT_TIMESTAMP),
       ("S007", "故乡的云", "Cloud of Hometown", "A006", "陈曦", "AL006", "山河故人", 290, "华语", "民谣", "2023-08-01",
        "独立音乐", 1, 1, 0, 3000000, 160, 1000, CURRENT_TIMESTAMP),
       ("S008", "Beat Drop", "节拍掉落", "A007", "DJ Electric", "AL007", "Future Beats", 180, "英语", "EDM",
        "2024-03-01", "电音厂牌", 1, 1, 1, 2000000, 50, 300, CURRENT_TIMESTAMP),
       ("S009", "星辰大海", "Stars and Sea", "A008", "林语", "AL008", "青春序曲", 250, "华语", "流行", "2024-05-20",
        "新星经纪", 1, 1, 0, 4000000, 110, 700, CURRENT_TIMESTAMP),
       ("S010", "自由飞翔", "Free Flight", "A009", "Black Cat Band", "AL009", "摇滚精神", 320, "华语", "摇滚",
        "2020-01-01", "独立音乐", 1, 1, 0, 3500000, 200, 600, CURRENT_TIMESTAMP),
       ("S011", "月光奏鸣曲", "Moonlight Sonata", "A010", "Mikael", "AL010", "琴声悠扬", 360, "纯音乐", "古典",
        "2023-09-01", "古典唱片", 0, 1, 1, 800000, 0, 100, CURRENT_TIMESTAMP),
       ("S012", "风的低语", "Whispers of Wind", "A006", "陈曦", "AL006", "山河故人", 270, "华语", "民谣", "2023-08-01",
        "独立音乐", 1, 1, 1, 2500000, 140, 500, CURRENT_TIMESTAMP),
       ("S013", "未来之声", "Voice of Future", "A007", "DJ Electric", "AL007", "Future Beats", 200, "英语", "EDM",
        "2024-03-01", "电音厂牌", 1, 1, 0, 1800000, 60, 250, CURRENT_TIMESTAMP),
       ("S014", "爱在心间", "Love in Heart", "A001", "李明", "AL001", "追梦人", 230, "华语", "流行", "2023-01-01",
        "天籁唱片", 1, 1, 0, 11000000, 115, 3500, CURRENT_TIMESTAMP),
       ("S015", "无尽的旅程", "Endless Journey", "A002", "张华", "AL002", "城市边缘", 310, "华语", "摇滚", "2022-05-10",
        "独立音乐", 1, 1, 1, 6500000, 190, 2000, CURRENT_TIMESTAMP);

-- gongdan_artist (艺人信息表)
CREATE TABLE IF NOT EXISTS gongdan_artist
(
    artist_id    VARCHAR(255) COMMENT "艺人ID",
    artist_name  VARCHAR(255) COMMENT "艺人名称",
    artist_alias VARCHAR(255) COMMENT "艺人类别",
    gender       VARCHAR(1) COMMENT "性别",
    birth_date   VARCHAR(10) COMMENT "出生日期 (YYYY-MM-DD)",
    country      VARCHAR(100) COMMENT "国家",
    province     VARCHAR(100) COMMENT "省份",
    city         VARCHAR(100) COMMENT "城市",
    category     VARCHAR(100) COMMENT "艺人分类",
    debut_date   VARCHAR(10) COMMENT "出道日期 (YYYY-MM-DD)",
    company      VARCHAR(255) COMMENT "经纪公司",
    fans_count   BIGINT COMMENT "粉丝数量",
    song_count   INT COMMENT "歌曲数量",
    album_count  INT COMMENT "专辑数量",
    mv_count     INT COMMENT "MV数量",
    is_indie     TINYINT(1) COMMENT "是否独立音乐人 (0:否, 1:是)",
    tags JSON COMMENT "艺人标签", -- 使用JSON类型存储数组
    update_time  DATETIME COMMENT "更新时间",
    PRIMARY KEY (artist_id)       -- 假设artist_id是主键
) COMMENT "艺人信息表";

INSERT INTO gongdan_artist (artist_id, artist_name, artist_alias, gender, birth_date, country, province, city, category,
                            debut_date, company, fans_count, song_count, album_count, mv_count, is_indie, tags,
                            update_time)
VALUES ("A001", "李明", "小明", "M", "1985-03-15", "中国", "北京", "北京", "流行歌手", "2005-08-01", "天籁唱片",
        12000000, 150, 10, 20, 0, JSON_ARRAY("实力派", "情歌王子"), CURRENT_TIMESTAMP),
       ("A002", "张华", "摇滚老炮", "M", "1978-07-22", "中国", "四川", "成都", "摇滚乐队", "1998-05-01", "独立音乐",
        3500000, 80, 5, 10, 1, JSON_ARRAY("摇滚", "现场感"), CURRENT_TIMESTAMP),
       ("A003", "王丽", "甜歌皇后", "F", "1990-01-01", "中国", "上海", "上海", "流行歌手", "2010-01-01", "星光娱乐",
        8000000, 120, 8, 15, 0, JSON_ARRAY("甜美", "治愈"), CURRENT_TIMESTAMP),
       ("A004", "John Doe", "JD", "M", "1992-04-05", "美国", NULL, "洛杉矶", "R&B歌手", "2015-03-01", "环球音乐",
        5000000, 60, 4, 8, 0, JSON_ARRAY("R&B", "国际"), CURRENT_TIMESTAMP),
       ("A005", "小野丽莎", "Bossa Nova女王", "F", "1962-07-29", "巴西", NULL, NULL, "爵士歌手", "1989-01-01",
        "独立制作", 2000000, 200, 15, 5, 1, JSON_ARRAY("爵士", "Bossa Nova"), CURRENT_TIMESTAMP),
       ("A006", "陈曦", "民谣诗人", "M", "1988-09-10", "中国", "浙江", "杭州", "民谣歌手", "2012-10-01", "独立音乐",
        1500000, 40, 3, 2, 1, JSON_ARRAY("民谣", "原创"), CURRENT_TIMESTAMP),
       ("A007", "DJ Electric", "电音之王", "U", "1995-06-20", "英国", NULL, "伦敦", "DJ", "2018-01-01", "电音厂牌",
        700000, 30, 2, 10, 0, JSON_ARRAY("EDM", "电子"), CURRENT_TIMESTAMP),
       ("A008", "林语", "新生代偶像", "F", "2000-02-28", "中国", "湖南", "长沙", "偶像歌手", "2020-08-01", "新星经纪",
        4000000, 25, 2, 5, 0, JSON_ARRAY("偶像", "唱跳"), CURRENT_TIMESTAMP),
       ("A009", "Black Cat Band", "黑猫乐队", "U", "1990-11-11", "中国", "北京", "北京", "摇滚乐队", "1990-11-11",
        "独立音乐", 1000000, 50, 4, 6, 1, JSON_ARRAY("老牌乐队", "硬核"), CURRENT_TIMESTAMP),
       ("A010", "Mikael", "古典新秀", "M", "1998-05-05", "德国", NULL, "柏林", "古典音乐家", "2021-01-01", "古典唱片",
        100000, 10, 1, 1, 0, JSON_ARRAY("古典", "钢琴"), CURRENT_TIMESTAMP);

-- gongdan_album (专辑信息表)
CREATE TABLE IF NOT EXISTS gongdan_album
(
    album_id         VARCHAR(255) COMMENT "专辑ID",
    album_name       VARCHAR(255) COMMENT "专辑名称",
    artist_id        VARCHAR(255) COMMENT "艺人ID",
    artist_name      VARCHAR(255) COMMENT "艺人名称",
    publish_date     VARCHAR(10) COMMENT "发行日期 (YYYY-MM-DD)",
    company          VARCHAR(255) COMMENT "发行公司",
    language         VARCHAR(100) COMMENT "语言",
    genre            VARCHAR(100) COMMENT "流派",
    song_count       INT COMMENT "歌曲数量",
    play_count_total BIGINT COMMENT "总播放量",
    description TEXT COMMENT "专辑描述", -- 使用TEXT类型
    cover_url        VARCHAR(255) COMMENT "封面URL",
    is_digital       TINYINT(1) COMMENT "是否数字专辑 (0:否, 1:是)",
    price            DECIMAL(10, 2) COMMENT "价格",
    update_time      DATETIME COMMENT "更新时间",
    PRIMARY KEY (album_id)               -- 假设album_id是主键
) COMMENT "专辑信息表";

INSERT INTO gongdan_album (album_id, album_name, artist_id, artist_name, publish_date, company, language, genre,
                           song_count, play_count_total, description, cover_url, is_digital, price, update_time)
VALUES ("AL001", "追梦人", "A001", "李明", "2023-01-01", "天籁唱片", "华语", "流行", 10, 50000000,
        "李明最新专辑,收录多首热门情歌。", "http://example.com/covers/al001.jpg", 0, 58.00, CURRENT_TIMESTAMP),
       ("AL002", "城市边缘", "A002", "张华", "2022-05-10", "独立音乐", "华语", "摇滚", 8, 15000000,
        "张华乐队的经典摇滚专辑。", "http://example.com/covers/al002.jpg", 1, 30.00, CURRENT_TIMESTAMP),
       ("AL003", "甜蜜约定", "A003", "王丽", "2023-03-20", "星光娱乐", "华语", "流行", 12, 30000000,
        "王丽的治愈系情歌合集。", "http://example.com/covers/al003.jpg", 0, 68.00, CURRENT_TIMESTAMP),
       ("AL004", "Urban Groove", "A004", "John Doe", "2024-01-15", "环球音乐", "英语", "R&B", 9, 20000000,
        "John Doe的都市R&B专辑。", "http://example.com/covers/al004.jpg", 1, 12.99, CURRENT_TIMESTAMP),
       ("AL005", "Quiet Moments", "A005", "小野丽莎", "2021-11-01", "独立制作", "葡萄牙语", "爵士", 14, 10000000,
        "小野丽莎的Bossa Nova精选。", "http://example.com/covers/al005.jpg", 1, 9.99, CURRENT_TIMESTAMP),
       ("AL006", "山河故人", "A006", "陈曦", "2023-08-01", "独立音乐", "华语", "民谣", 7, 8000000, "陈曦的民谣诗篇。",
        "http://example.com/covers/al006.jpg", 1, 25.00, CURRENT_TIMESTAMP),
       ("AL007", "Future Beats", "A007", "DJ Electric", "2024-03-01", "电音厂牌", "英语", "EDM", 6, 5000000,
        "DJ Electric的最新电音力作。", "http://example.com/covers/al007.jpg", 1, 15.00, CURRENT_TIMESTAMP),
       ("AL008", "青春序曲", "A008", "林语", "2024-05-20", "新星经纪", "华语", "流行", 5, 10000000,
        "林语的首张个人专辑。", "http://example.com/covers/al008.jpg", 0, 49.00, CURRENT_TIMESTAMP),
       ("AL009", "摇滚精神", "A009", "Black Cat Band", "2020-01-01", "独立音乐", "华语", "摇滚", 10, 7000000,
        "黑猫乐队的经典现场专辑。", "http://example.com/covers/al009.jpg", 1, 35.00, CURRENT_TIMESTAMP),
       ("AL010", "琴声悠扬", "A010", "Mikael", "2023-09-01", "古典唱片", "纯音乐", "古典", 8, 1000000,
        "Mikael的钢琴独奏专辑。", "http://example.com/covers/al010.jpg", 1, 19.99, CURRENT_TIMESTAMP);

-- gongdan_device (设备信息表)
CREATE TABLE IF NOT EXISTS gongdan_device
(
    device_id     VARCHAR(255) COMMENT "设备ID",
    device_type   VARCHAR(100) COMMENT "设备类型(phone/pad/pc/tv)",
    brand         VARCHAR(100) COMMENT "品牌",
    model         VARCHAR(100) COMMENT "型号",
    os_type       VARCHAR(100) COMMENT "操作系统(ios/android/windows/mac)",
    os_version    VARCHAR(100) COMMENT "系统版本",
    screen_width  INT COMMENT "屏幕宽度",
    screen_height INT COMMENT "屏幕高度",
    network_type  VARCHAR(50) COMMENT "网络类型",
    resolution    VARCHAR(50) COMMENT "分辨率",
    cpu_type      VARCHAR(100) COMMENT "CPU类型",
    ram_size      INT COMMENT "内存大小(GB)",
    rom_size      INT COMMENT "存储大小(GB)",
    update_time   DATETIME COMMENT "更新时间",
    PRIMARY KEY (device_id) -- 假设device_id是主键
) COMMENT "设备信息表";

INSERT INTO gongdan_device (device_id, device_type, brand, model, os_type, os_version, screen_width, screen_height,
                            network_type, resolution, cpu_type, ram_size, rom_size, update_time)
VALUES ("D001", "phone", "Apple", "iPhone 13 Pro", "iOS", "16.5", 1170, 2532, "5G", "2532x1170", "A15 Bionic", 6, 256,
        CURRENT_TIMESTAMP),
       ("D002", "phone", "Samsung", "Galaxy S23 Ultra", "Android", "13", 1440, 3088, "5G", "3088x1440",
        "Snapdragon 8 Gen 2", 12, 512, CURRENT_TIMESTAMP),
       ("D003", "pad", "Apple", "iPad Air 5", "iOS", "16.4", 1640, 2360, "Wi-Fi", "2360x1640", "M1", 8, 128,
        CURRENT_TIMESTAMP),
       ("D004", "pc", "Lenovo", "ThinkPad X1 Carbon", "Windows", "11 Pro", 1920, 1080, "Wi-Fi", "1920x1080",
        "Intel i7-1260P", 16, 1024, CURRENT_TIMESTAMP),
       ("D005", "pc", "Apple", "MacBook Pro 14", "macOS", "Ventura", 3024, 1964, "Wi-Fi", "3024x1964", "M2 Pro", 16,
        512, CURRENT_TIMESTAMP),
       ("D006", "tv", "Sony", "Bravia XR A95K", "Android", "10", 3840, 2160, "Ethernet", "3840x2160",
        "Cognitive Processor XR", 4, 32, CURRENT_TIMESTAMP),
       ("D007", "phone", "Huawei", "Mate 50 Pro", "Android", "HarmonyOS 3.0", 1212, 2700, "4G", "2700x1212",
        "Kirin 9000S", 8, 256, CURRENT_TIMESTAMP),
       ("D008", "phone", "Xiaomi", "Xiaomi 13 Ultra", "Android", "14", 1440, 3200, "5G", "3200x1440",
        "Snapdragon 8 Gen 2", 12, 512, CURRENT_TIMESTAMP),
       ("D009", "pad", "Samsung", "Galaxy Tab S8", "Android", "13", 1600, 2560, "Wi-Fi", "2560x1600",
        "Snapdragon 8 Gen 1", 8, 256, CURRENT_TIMESTAMP),
       ("D010", "pc", "Dell", "XPS 15", "Windows", "10 Home", 1920, 1200, "Wi-Fi", "1920x1200", "Intel i9-13900H", 32,
        2048, CURRENT_TIMESTAMP),
       ("D011", "phone", "OnePlus", "OnePlus 11", "Android", "13", 1440, 3216, "5G", "3216x1440", "Snapdragon 8 Gen 2",
        16, 512, CURRENT_TIMESTAMP),
       ("D012", "tv", "LG", "OLED C2", "WebOS", "7.0", 3840, 2160, "Wi-Fi", "3840x2160", "α9 Gen5 AI Processor 4K", 3,
        16, CURRENT_TIMESTAMP);

-- music_user_action_log 行为日志表
CREATE TABLE IF NOT EXISTS music_user_action_log
(
    log_id         STRING COMMENT "日志ID",
    user_id        STRING COMMENT "用户ID",
    device_id      STRING COMMENT "设备ID",
    action_time    BIGINT COMMENT "行为时问载",
    action_type    STRING cOMMENT "行为类型(play/download/share/collect...) ",
    song_id        STRING COMMENT "歌曲ID",
    artist_id      STRING COMMENT "艺人ID",
    album_id       STRING COMMENT "专辑ID",
    play_duration  INT COMMENT "插放时长(秒)",
    network_type   STRING COMMENT "网络类型",
    ip             STRING COMMENT "IP地址",
    province       STRING COMMENT "省份",
    city           STRING COMMENT "城市",
    client_version STRING COMMENT "客户端版本",
    os_type        STRING COMMENT "操作系统类型",
    extra_info     STRING COMMENT "额外信息"
) COMMENT "用户行为日志表";

--

-- music_user_action_log (用户行为日志表)
CREATE TABLE IF NOT EXISTS gongdan.music_user_action_log
(
    log_id         VARCHAR(255) COMMENT '日志ID',
    user_id        VARCHAR(255) COMMENT '用户ID',
    device_id      VARCHAR(255) COMMENT '设备ID',
    action_time    BIGINT COMMENT '行为时间戳 (Unix timestamp in seconds)',
    action_type    VARCHAR(50) COMMENT '行为类型(play/download/share/collect...)',
    song_id        VARCHAR(255) COMMENT '歌曲ID',
    artist_id      VARCHAR(255) COMMENT '艺人ID',
    album_id       VARCHAR(255) COMMENT '专辑ID',
    play_duration  INT COMMENT '播放时长(秒)',
    network_type   VARCHAR(50) COMMENT '网络类型',
    ip             VARCHAR(45) COMMENT 'IP地址',
    province       VARCHAR(100) COMMENT '省份',
    city           VARCHAR(100) COMMENT '城市',
    client_version VARCHAR(50) COMMENT '客户端版本',
    os_type        VARCHAR(50) COMMENT '操作系统类型',
    extra_info     JSON COMMENT '额外信息', -- 使用JSON类型存储结构化额外信息
    PRIMARY KEY (log_id) -- 假设log_id是主键
) COMMENT '用户行为日志表';

INSERT INTO gongdan.music_user_action_log (log_id, user_id, device_id, action_time, action_type, song_id, artist_id, album_id, play_duration, network_type, ip, province, city, client_version, os_type, extra_info) VALUES
                                                                                                                                                                                                                 ('L0001', 'U008', 'D007', 1721472000, 'play', 'S001', 'A001', 'AL001', 256, '4G', '192.168.1.185', '浙江', '杭州', 'v1.1.0', 'Android', NULL),
                                                                                                                                                                                                                 ('L0002', 'U006', 'D006', 1721472070, 'collect', 'S003', 'A002', 'AL002', 0, 'Wi-Fi', '10.0.0.122', '湖北', '武汉', 'v1.0.0', 'macOS', '{"collection_type": "playlist"}'),
                                                                                                                                                                                                                 ('L0003', 'U004', 'D002', 1721472172, 'play', 'S007', 'A006', 'AL006', 133, '5G', '172.16.0.210', '四川', '成都', 'v1.0.1', 'Android', NULL),
                                                                                                                                                                                                                 ('L0004', 'U005', 'D005', 1721472251, 'download', 'S004', 'A003', 'AL003', 0, '5G', '192.168.1.134', '江苏', '南京', 'v1.2.0', 'Android', NULL),
                                                                                                                                                                                                                 ('L0005', 'U001', 'D001', 1721472314, 'share', 'S015', 'A002', 'AL002', 0, '5G', '10.0.0.165', '广东', '广州', 'v2.0.0', 'iOS', '{"share_platform": "WeChat"}'),
                                                                                                                                                                                                                 ('L0006', 'U003', 'D003', 1721472401, 'play', 'S011', 'A010', 'AL010', 270, 'Wi-Fi', '172.16.0.78', '北京', '北京', 'v1.0.0', 'Windows', NULL),
                                                                                                                                                                                                                 ('L0007', 'U009', 'D009', 1721472480, 'like', 'S002', 'A001', 'AL001', 0, 'Wi-Fi', '192.168.1.55', '山东', '青岛', 'v1.1.0', 'Android', NULL),
                                                                                                                                                                                                                 ('L0008', 'U002', 'D010', 1721472568, 'play', 'S014', 'A001', 'AL001', 190, 'Wi-Fi', '10.0.0.23', '上海', '上海', 'v1.0.1', 'Windows', NULL),
                                                                                                                                                                                                                 ('L0009', 'U007', 'D011', 1721472645, 'add_to_playlist', 'S005', 'A004', 'AL004', 0, '5G', '172.16.0.101', '湖南', '长沙', 'v1.2.0', 'Android', NULL),
                                                                                                                                                                                                                 ('L0010', 'U010', 'D012', 1721472730, 'comment', 'S008', 'A007', 'AL007', 0, 'Wi-Fi', '192.168.1.200', '福建', '厦门', 'v2.0.0', 'WebOS', '{"comment_length": 75}'),
                                                                                                                                                                                                                 ('L0011', 'U001', 'D001', 1721472800, 'play', 'S009', 'A008', 'AL008', 210, '5G', '10.0.0.45', '广东', '广州', 'v1.0.0', 'iOS', NULL),
                                                                                                                                                                                                                 ('L0012', 'U003', 'D003', 1721472880, 'download', 'S010', 'A009', 'AL009', 0, 'Wi-Fi', '172.16.0.15', '北京', '北京', 'v1.1.0', 'Windows', NULL),
                                                                                                                                                                                                                 ('L0013', 'U004', 'D004', 1721472960, 'play', 'S012', 'A006', 'AL006', 150, 'Wi-Fi', '192.168.1.99', '四川', '成都', 'v1.0.1', 'iOS', NULL),
                                                                                                                                                                                                                 ('L0014', 'U006', 'D006', 1721473040, 'share', 'S013', 'A007', 'AL007', 0, 'Wi-Fi', '10.0.0.88', '湖北', '武汉', 'v1.2.0', 'macOS', '{"share_platform": "QQ"}'),
                                                                                                                                                                                                                 ('L0015', 'U008', 'D008', 1721473120, 'play', 'S001', 'A001', 'AL001', 260, '5G', '172.16.0.230', '浙江', '杭州', 'v2.0.0', 'Android', NULL),
                                                                                                                                                                                                                 ('L0016', 'U002', 'D002', 1721473200, 'collect', 'S003', 'A002', 'AL002', 0, '5G', '192.168.1.10', '上海', '上海', 'v1.0.0', 'Android', '{"collection_type": "favorite"}'),
                                                                                                                                                                                                                 ('L0017', 'U005', 'D005', 1721473280, 'play', 'S007', 'A006', 'AL006', 180, '5G', '10.0.0.1', '江苏', '南京', 'v1.1.0', 'Android', NULL),
                                                                                                                                                                                                                 ('L0018', 'U007', 'D007', 1721473360, 'download', 'S004', 'A003', 'AL003', 0, '4G', '172.16.0.50', '湖南', '长沙', 'v1.0.1', 'Android', NULL),
                                                                                                                                                                                                                 ('L0019', 'U009', 'D009', 1721473440, 'share', 'S015', 'A002', 'AL002', 0, 'Wi-Fi', '192.168.1.250', '山东', '青岛', 'v1.2.0', 'Android', '{"share_platform": "Weibo"}'),
                                                                                                                                                                                                                 ('L0020', 'U010', 'D010', 1721473520, 'play', 'S011', 'A010', 'AL010', 290, 'Wi-Fi', '10.0.0.180', '福建', '厦门', 'v2.0.0', 'Windows', NULL),
                                                                                                                                                                                                                 ('L0021', 'U001', 'D011', 1721473600, 'like', 'S002', 'A001', 'AL001', 0, '5G', '172.16.0.110', '广东', '广州', 'v1.0.0', 'Android', NULL),
                                                                                                                                                                                                                 ('L0022', 'U003', 'D012', 1721473680, 'play', 'S014', 'A001', 'AL001', 200, 'Wi-Fi', '192.168.1.20', '北京', '北京', 'v1.1.0', 'WebOS', NULL),
                                                                                                                                                                                                                 ('L0023', 'U004', 'D001', 1721473760, 'add_to_playlist', 'S005', 'A004', 'AL004', 0, '5G', '10.0.0.70', '四川', '成都', 'v1.0.1', 'iOS', NULL),
                                                                                                                                                                                                                 ('L0024', 'U005', 'D003', 1721473840, 'comment', 'S008', 'A007', 'AL007', 0, 'Wi-Fi', '172.16.0.130', '江苏', '南京', 'v1.2.0', 'Windows', '{"comment_length": 45}'),
                                                                                                                                                                                                                 ('L0025', 'U006', 'D004', 1721473920, 'play', 'S009', 'A008', 'AL008', 220, 'Wi-Fi', '192.168.1.1', '湖北', '武汉', 'v2.0.0', 'iOS', NULL),
                                                                                                                                                                                                                 ('L0026', 'U008', 'D006', 1721474000, 'download', 'S010', 'A009', 'AL009', 0, 'Wi-Fi', '10.0.0.10', '浙江', '杭州', 'v1.0.0', 'macOS', NULL),
                                                                                                                                                                                                                 ('L0027', 'U001', 'D001', 1721474080, 'play', 'S001', 'A001', 'AL001', 240, '5G', '192.168.1.150', '广东', '广州', 'v1.0.1', 'iOS', NULL),
                                                                                                                                                                                                                 ('L0028', 'U002', 'D002', 1721474160, 'share', 'S003', 'A002', 'AL002', 0, '5G', '10.0.0.20', '上海', '上海', 'v1.1.0', 'Android', '{"share_platform": "Douyin"}'),
                                                                                                                                                                                                                 ('L0029', 'U003', 'D003', 1721474240, 'play', 'S007', 'A006', 'AL006', 190, 'Wi-Fi', '172.16.0.60', '北京', '北京', 'v1.2.0', 'Windows', NULL),
                                                                                                                                                                                                                 ('L0030', 'U004', 'D004', 1721474320, 'collect', 'S004', 'A003', 'AL003', 0, 'Wi-Fi', '192.168.1.77', '四川', '成都', 'v2.0.0', 'iOS', '{"collection_type": "playlist"}'),
                                                                                                                                                                                                                 ('L0031', 'U005', 'D005', 1721474400, 'play', 'S015', 'A002', 'AL002', 280, '5G', '10.0.0.11', '江苏', '南京', 'v1.0.0', 'Android', NULL),
                                                                                                                                                                                                                 ('L0032', 'U006', 'D006', 1721474480, 'download', 'S011', 'A010', 'AL010', 0, 'Wi-Fi', '172.16.0.90', '湖北', '武汉', 'v1.0.1', 'macOS', NULL),
                                                                                                                                                                                                                 ('L0033', 'U007', 'D007', 1721474560, 'play', 'S002', 'A001', 'AL001', 210, '4G', '192.168.1.120', '湖南', '长沙', 'v1.1.0', 'Android', NULL),
                                                                                                                                                                                                                 ('L0034', 'U008', 'D008', 1721474640, 'like', 'S014', 'A001', 'AL001', 0, '5G', '10.0.0.30', '浙江', '杭州', 'v1.2.0', 'Android', NULL),
                                                                                                                                                                                                                 ('L0035', 'U009', 'D009', 1721474720, 'add_to_playlist', 'S005', 'A004', 'AL004', 0, 'Wi-Fi', '172.16.0.140', '山东', '青岛', 'v2.0.0', 'Android', NULL),
                                                                                                                                                                                                                 ('L0036', 'U010', 'D010', 1721474800, 'comment', 'S008', 'A007', 'AL007', 0, 'Wi-Fi', '192.168.1.220', '福建', '厦门', 'v1.0.0', 'Windows', '{"comment_length": 90}'),
                                                                                                                                                                                                                 ('L0037', 'U001', 'D011', 1721474880, 'play', 'S009', 'A008', 'AL008', 230, '5G', '10.0.0.60', '广东', '广州', 'v1.0.1', 'Android', NULL),
                                                                                                                                                                                                                 ('L0038', 'U002', 'D012', 1721474960, 'download', 'S010', 'A009', 'AL009', 0, 'Wi-Fi', '172.16.0.170', '上海', '上海', 'v1.1.0', 'WebOS', NULL),
                                                                                                                                                                                                                 ('L0039', 'U003', 'D001', 1721475040, 'play', 'S012', 'A006', 'AL006', 160, '5G', '192.168.1.30', '北京', '北京', 'v1.2.0', 'iOS', NULL),
                                                                                                                                                                                                                 ('L0040', 'U004', 'D002', 1721475120, 'share', 'S013', 'A007', 'AL007', 0, '5G', '10.0.0.99', '四川', '成都', 'v2.0.0', 'Android', '{"share_platform": "WeChat"}'),
                                                                                                                                                                                                                 ('L0041', 'U005', 'D003', 1721475200, 'play', 'S001', 'A001', 'AL001', 250, 'Wi-Fi', '172.16.0.200', '江苏', '南京', 'v1.0.0', 'Windows', NULL),
                                                                                                                                                                                                                 ('L0042', 'U006', 'D004', 1721475280, 'collect', 'S003', 'A002', 'AL002', 0, 'Wi-Fi', '192.168.1.100', '湖北', '武汉', 'v1.0.1', 'iOS', '{"collection_type": "favorite"}'),
                                                                                                                                                                                                                 ('L0043', 'U007', 'D005', 1721475360, 'play', 'S007', 'A006', 'AL006', 170, '5G', '10.0.0.150', '湖南', '长沙', 'v1.1.0', 'Android', NULL),
                                                                                                                                                                                                                 ('L0044', 'U008', 'D007', 1721475440, 'download', 'S004', 'A003', 'AL003', 0, '4G', '172.16.0.250', '浙江', '杭州', 'v1.2.0', 'Android', NULL),
                                                                                                                                                                                                                 ('L0045', 'U009', 'D008', 1721475520, 'share', 'S015', 'A002', 'AL002', 0, '5G', '192.168.1.10', '山东', '青岛', 'v2.0.0', 'Android', '{"share_platform": "QQ"}'),
                                                                                                                                                                                                                 ('L0046', 'U010', 'D009', 1721475600, 'play', 'S011', 'A010', 'AL010', 300, 'Wi-Fi', '10.0.0.20', '福建', '厦门', 'v1.0.0', 'Android', NULL),
                                                                                                                                                                                                                 ('L0047', 'U001', 'D010', 1721475680, 'like', 'S002', 'A001', 'AL001', 0, 'Wi-Fi', '172.16.0.1', '广东', '广州', 'v1.0.1', 'Windows', NULL),
                                                                                                                                                                                                                 ('L0048', 'U003', 'D011', 1721475760, 'play', 'S014', 'A001', 'AL001', 220, '5G', '192.168.1.50', '北京', '北京', 'v1.1.0', 'Android', NULL),
                                                                                                                                                                                                                 ('L0049', 'U004', 'D012', 1721475840, 'add_to_playlist', 'S005', 'A004', 'AL004', 0, 'Wi-Fi', '10.0.0.40', '四川', '成都', 'v1.2.0', 'WebOS', NULL),
                                                                                                                                                                                                                 ('L0050', 'U005', 'D001', 1721475920, 'comment', 'S008', 'A007', 'AL007', 0, '5G', '172.16.0.80', '江苏', '南京', 'v2.0.0', 'iOS', '{"comment_length": 60}'),
                                                                                                                                                                                                                 ('L0051', 'U006', 'D002', 1721476000, 'play', 'S009', 'A008', 'AL008', 240, '5G', '192.168.1.123', '湖北', '武汉', 'v1.0.0', 'Android', NULL),
                                                                                                                                                                                                                 ('L0052', 'U007', 'D003', 1721476080, 'download', 'S010', 'A009', 'AL009', 0, 'Wi-Fi', '10.0.0.200', '湖南', '长沙', 'v1.0.1', 'Windows', NULL),
                                                                                                                                                                                                                 ('L0053', 'U008', 'D004', 1721476160, 'play', 'S012', 'A006', 'AL006', 170, 'Wi-Fi', '172.16.0.210', '浙江', '杭州', 'v1.1.0', 'iOS', NULL),
                                                                                                                                                                                                                 ('L0054', 'U009', 'D005', 1721476240, 'share', 'S013', 'A007', 'AL007', 0, '5G', '192.168.1.15', '山东', '青岛', 'v1.2.0', 'Android', '{"share_platform": "Weibo"}'),
                                                                                                                                                                                                                 ('L0055', 'U010', 'D006', 1721476320, 'play', 'S001', 'A001', 'AL001', 260, 'Wi-Fi', '10.0.0.5', '福建', '厦门', 'v2.0.0', 'macOS', NULL),
                                                                                                                                                                                                                 ('L0056', 'U001', 'D007', 1721476400, 'collect', 'S003', 'A002', 'AL002', 0, '4G', '172.16.0.30', '广东', '广州', 'v1.0.0', 'Android', '{"collection_type": "playlist"}'),
                                                                                                                                                                                                                 ('L0057', 'U002', 'D008', 1721476480, 'play', 'S007', 'A006', 'AL006', 180, '5G', '192.168.1.80', '上海', '上海', 'v1.0.1', 'Android', NULL),
                                                                                                                                                                                                                 ('L0058', 'U003', 'D009', 1721476560, 'download', 'S004', 'A003', 'AL003', 0, 'Wi-Fi', '10.0.0.100', '北京', '北京', 'v1.1.0', 'Android', NULL),
                                                                                                                                                                                                                 ('L0059', 'U004', 'D010', 1721476640, 'share', 'S015', 'A002', 'AL002', 0, 'Wi-Fi', '172.16.0.160', '四川', '成都', 'v1.2.0', 'Windows', '{"share_platform": "QQ"}'),
                                                                                                                                                                                                                 ('L0060', 'U005', 'D011', 1721476720, 'play', 'S011', 'A010', 'AL010', 310, '5G', '192.168.1.25', '江苏', '南京', 'v2.0.0', 'Android', NULL),
                                                                                                                                                                                                                 ('L0061', 'U006', 'D012', 1721476800, 'like', 'S002', 'A001', 'AL001', 0, 'Wi-Fi', '10.0.0.7', '湖北', '武汉', 'v1.0.0', 'WebOS', NULL),
                                                                                                                                                                                                                 ('L0062', 'U007', 'D001', 1721476880, 'play', 'S014', 'A001', 'AL001', 230, '5G', '172.16.0.40', '湖南', '长沙', 'v1.0.1', 'iOS', NULL),
                                                                                                                                                                                                                 ('L0063', 'U008', 'D002', 1721476960, 'add_to_playlist', 'S005', 'A004', 'AL004', 0, '5G', '192.168.1.60', '浙江', '杭州', 'v1.1.0', 'Android', NULL),
                                                                                                                                                                                                                 ('L0064', 'U009', 'D003', 1721477040, 'comment', 'S008', 'A007', 'AL007', 0, 'Wi-Fi', '10.0.0.120', '山东', '青岛', 'v1.2.0', 'Windows', '{"comment_length": 50}'),
                                                                                                                                                                                                                 ('L0065', 'U010', 'D004', 1721477120, 'play', 'S009', 'A008', 'AL008', 250, 'Wi-Fi', '172.16.0.180', '福建', '厦门', 'v2.0.0', 'iOS', NULL),
                                                                                                                                                                                                                 ('L0066', 'U001', 'D005', 1721477200, 'download', 'S010', 'A009', 'AL009', 0, '5G', '192.168.1.188', '广东', '广州', 'v1.0.0', 'Android', NULL),
                                                                                                                                                                                                                 ('L0067', 'U002', 'D006', 1721477280, 'play', 'S012', 'A006', 'AL006', 180, 'Wi-Fi', '10.0.0.210', '上海', '上海', 'v1.0.1', 'macOS', NULL),
                                                                                                                                                                                                                 ('L0068', 'U003', 'D007', 1721477360, 'share', 'S013', 'A007', 'AL007', 0, '4G', '172.16.0.240', '北京', '北京', 'v1.1.0', 'Android', '{"share_platform": "Weibo"}'),
                                                                                                                                                                                                                 ('L0069', 'U004', 'D008', 1721477440, 'play', 'S001', 'A001', 'AL001', 270, '5G', '192.168.1.2', '四川', '成都', 'v1.2.0', 'Android', NULL),
                                                                                                                                                                                                                 ('L0070', 'U005', 'D009', 1721477520, 'collect', 'S003', 'A002', 'AL002', 0, 'Wi-Fi', '10.0.0.15', '江苏', '南京', 'v2.0.0', 'Android', '{"collection_type": "favorite"}');
-- music_user_action_log (用户行为日志表)


